Workbook
Name Activity: [1]names_1!$B$10:$B$17
Name ActivitySet: [1]names!$A$10:$A$12

Sheet Cover Sheet
B1: v3.07V | J1: WELL REPORT | AE1: DO NOT ADD | AJ1: DO NOT ADD | AK1: DO NOT | AM1: Corey! You can only add things to the lists in light green
B2: WSG | C2: WELL REPORT | U2: WIRELINE SERVICES GROUP | AE2: ANYthing else to this list!!! | AJ2: ANY TOOLS!!! | AK2: EDIT | AM2: But for the love of DPC just ask us to change things :) | AY2: This list is auto generated by copying the VC sheet | BI2: Don’t touch or rusty will be mad
B3: DPC_Project | D3: RTIO BROCKMAN | H3: =IF(IFERROR(VLOOKUP(D3,AS5:AU80,2,FALSE),"NO_ERROR")<>"NO_ERROR","",IF(D3="","","UNKNOWN DPC PROJECT!")) | AE3: u will break DPC | AJ3: u will break DPC | BI3: ="Dip = " & J12 -> Dip = -90 | BJ3: =IF(K12="From Horizontal",1,-1) -> 1
B4: Client | D4: =IF(IFERROR(VLOOKUP(D3,AS5:AU80,2,FALSE),D3)=0,"",IFERROR(VLOOKUP(D3,AS5:AU80,2,FALSE),D3)) -> RIO TINTO IRON ORE | I4: Job Number | J4: P5042 | Q4: Acquisition Interval (cm) | S4: 10 | U4: Safety - Service - Integrity - Excellence | AE4: Measure Point | AF4: Run | AG4: Planned Dip | AH4: Yes/No/NS | AI4: Drill Type | AJ4: Tool Type | AK4: Depth corr | AL4: DATUM | AM4: Source list | AN4: MUD TYPE | AO4: Units | AP4: AMG Zones | AQ4: Scale List | AR4: STATE | AS4: DPC_Project | AT4: Client List | AU4: RTIOHub | AV4: Country | AX4: Comments for clients | AY4: Full Names | AZ4: Name Acronyms | BA4: ClientDipOrientation | BB4: ClientDatum | BC4: ClientZone | BD4: ToolSerial | BE4: ToolType | BI4: 0 | BJ4: 0
B5: RTIO HUB | D5: =IF(IFERROR(VLOOKUP(D3,AS5:AU80,3,FALSE),"")=0,"",IFERROR(VLOOKUP(D3,AS5:AU80,3,FALSE),"")) -> BROCKMAN | AG5: From Vertical | AM5: - | AN5: - | AO5: cm | AS5: - | AT5: - | AX5: NO SURVEY - HOLE BLOCKED AT XXm | AY5: AA | AZ5: ARGJEND AVDIU | BD5: 2665 | BE5: 9622 | BI5: =COS(RADIANS(J12))*10 -> 6.1257423e-16 | BJ5: =SIN(RADIANS(J12))*10*BJ3 -> -10
I6: Las Logging Complete | J6: Yes | M6: Post "_C" Logging Exists | N6: No | AE6: G.L. | AF6: 1 | AG6: From Horizontal | AH6: Yes | AI6: Diamond | AK6: from checklite | AL6: GDA94 | AM6: 0001/11 | AN6: WATER | AO6: mm | AP6: 60s | AQ6: 10 | AR6: WESTERN AUSTRALIA | AS6: AAMC WONMUNNA | AT6: AAMC | AV6: AUSTRALIA | AX6: NO SURVEY - HOLE BLOCKED AT COLLAR | AY6: ACO | AZ6: ADAM CORRIE | BA6: From Horizontal | BD6: 5843S10361 | BE6: DGPS | BI6: =COS(RADIANS(J12))*5 -> 3.0628711e-16 | BJ6: =SIN(RADIANS(J12))*5*BJ3 -> -5
B7: Witness | AE7: D.F. | AF7: 2 | AH7: No | AI7: RC | AJ7: Dummy | AK7: =IF(ISNUMBER(VLOOKUP("DUMMY",'Cover Sheet'!$B$34:$AA$44,13,0)),(VLOOKUP("DUMMY",'Cover Sheet'!$B$34:$AA$44,24,0)),"") -> 0 | AL7: WGS84 | AM7: 0002/11 | AN7: KCL | AO7: in | AP7: 59s | AQ7: 20 | AR7: QUEENSLAND | AS7: ACCENT | AT7: ACCENT | AV7: CANADA | AX7: NO SURVEY - HOLE BLOCKED AT SURFACE | AY7: AGA | AZ7: ALFONSO GARCIA | BA7: From Horizontal | BD7: 5843S10461 | BE7: DGPS | BI7: =COS(RADIANS(J12/1.333))*5 -> 1.9120562 | BJ7: =SIN(RADIANS(J12/1.333))*5*BJ3 -> -4.6199612
B8: Client Signature | I8: Pad condition on leaving | J8: Good - clean stable surface | AE8: K.B. | AF8: 3 | AH8: NS | AI8: Chip | AJ8: 9012InRod | AK8: ='All Details'!HM2 -> 0 | AL8: NAD83 | AM8: 0013/10 | AN8: POLYMER | AP8: 58s | AQ8: 25 | AR8: NEW SOUTH WALES | AS8: AGNICO EAGLE | AT8: AGNICO EAGLE | AV8: USA | AX8: NO SURVEY - COLLAR DESTROYED | AY8: AL | AZ8: ALVARO GAYO | BA8: From Horizontal | BD8: 5843S10511 | BE8: DGPS | BI8: =COS(RADIANS(J12/2))*5 -> 3.5355339 | BJ8: =SIN(RADIANS(J12/2))*5*BJ3 -> -3.5355339
W9: QC Score | Y9: 1 | AF9: 4 | AI9: Mud Rotary | AJ9: 9238 | AK9: ='All Details'!IM2 -> 0 | AL9: NAD27 | AM9: 0015/10 | AN9: AIR | AP9: 57s | AQ9: 50 | AR9: NORTHERN TERRITORY | AS9: AIM MINING CORPORATION | AT9: AIM MINING CORPORATION | AV9: PHILIPPINES | AX9: NO SURVEY - COLLAR DAMAGED | AY9: ALG | AZ9: ANTHONY WILLIAMS | BA9: From Horizontal | BD9: 5843S10519 | BE9: DGPS | BI9: =COS(RADIANS(J12/4))*5 -> 4.6193977 | BJ9: =SIN(RADIANS(J12/4))*5*BJ3 -> -1.9134172
D10: *Only use "_ReEntry" if you have previously submited the completed hole. Don't use "_ReEntry" in the Trimble DGPS PtID. | X10: \ (•◡•) / 100% | AF10: 5 | AH10: Survey type | AI10: Air Core | AJ10: 9239 | AK10: ='All Details'!IZ2 -> 0 | AL10: UTM | AM10: 0016/10 | AN10: FOAM | AO10: kg/m | AP10: 56s | AQ10: 100 | AR10: SOUTH AUSTRALIA | AS10: API MANAGEMENT WEST PILBARA | AT10: API MANAGEMENT | AV10: LAOS | AX10: NO SURVEY - ACCESS DESTROYED | AY10: AMC | AZ10: MARK CHERRY | BA10: From Horizontal | BD10: 5843S10529 | BE10: DGPS | BI10: 5 | BJ10: 0
B11: Hole Name | D11: RC26VIV0007 | I11: Mag Declination | J11: 0.82 | R11: Mud Type | Y11: Detail Zones | AF11: 6 | AI11: PDC | AJ11: 9622 | AK11: ='All Details'!KZ2 -> 0 | AL11: LOCAL GRID | AM11: 0017/10 | AN11: OBM | AO11: lb/ft | AP11: 55s | AQ11: 200 | AR11: TASMANIA | AS11: AQUIFER RESOURCES | AT11: AQUIFER RESOURCES | AV11: MOZAMBIQUE | AX11: NO SURVEY - FIBROUS HOLE | AY11: AP | AZ11: ANTONIA PLANKENSTEINER | BA11: From Horizontal | BD11: 5843S10542 | BE11: DGPS | BI11: Azi Graph | BJ11: ="Azimuth = " & J13 -> Azimuth = 0
B12: Peg Number | D12: 12946 | I12: Planned Dip | J12: -90 | K12: From Horizontal | R12: Mud Weight | Y12: Top | AA12: Bottom | AF12: 7 | AH12: InRod/Rig | AI12: CASING TYPE | AJ12: 9057 | AK12: ='All Details'!HZ2 -> 0 | AL12: AGD84 | AM12: 002/10 | AN12: BARITE | AP12: 54s | AQ12: 500 | AR12: VICTORIA | AS12: AZURE MINERALS - ANDOVER | AT12: AZURE MINERALS | AV12: SOUTH AFRICA | AX12: NO SURVEY - POOR PAD CONDITIONS | AY12: BAEB | AZ12: BEN BAKER | BA12: From Horizontal | BD12: 5916S11991 | BE12: DGPS | BI12: 0 | BJ12: 0
B13: Deposit Code (Field) | D13: VIV | I13: Planned Azimuth | J13: 0 | R13: Salinity | T13: ppm | X13: 1 | AF13: 8 | AH13: Open Hole | AJ13: 9098-Gyro | AK13: ='All Details'!MM2 -> 0 | AM13: 003/10 | AO13: g/cc | AP13: 53s | AQ13: 1000 | AR13: ALBERTA | AS13: BELLEVUE GOLD | AT13: BELLEVUE GOLD | AV13: BOTSWANA | AX13: NO SURVEY - HOLE ABANDONED | AY13: BJD | AZ13: BENJAMIN CONNOR | BA13: From Horizontal | BI13: =SIN(RADIANS( J13))*9 -> 0 | BJ13: =COS(RADIANS( J13))*9 -> 9
B14: Tenement (Location) | D14: VIV | I14: Datum | J14: GDA94 | X14: 2 | AF14: 9 | AH14: Cased Hole | AI14: PVC | AJ14: 9321 | AK14: ='All Details'!JM2 -> 0 | AM14: 0909/12 | AO14: lbs/gal | AP14: 52s | AR14: BRITISH COLUMBIA | AS14: BELLS CORNER | AT14: BELLS CORNER | AY14: BSY | AZ14: BRENNAN YARDLEY | BA14: From Horizontal | BI14: Azi Graph - arrow part 1
B15: State / Prov | D15: WESTERN AUSTRALIA | I15: Grid Zone | J15: 50s | L15: Measured | N15: Difference | R15: Rm | X15: 3 | AF15: 10 | AH15: Thru Bit | AI15: STEEL | AJ15: 9510 | AK15: ='All Details'!KM2 -> 0 | AM15: 192 | AP15: 51s | AR15: LABRADOR | AS15: BHP NICKEL WEST | AT15: BHP NICKEL WEST | AX15: DGPS NOT COLLECTED - WATER BORE | AY15: CHE | AZ15: CHRIS HEAD | BA15: From Horizontal | BI15: =BI13 -> 0 | BJ15: =BJ13 -> 9
B16: Country | D16: AUSTRALIA | I16: Planned Easting | K16: E | N16: =IF(OR(L16="",J16=""),"",J16-L16) | O16: m | R16: Rmf | X16: 4 | AH16: InPVC | AI16: SLOTTED | AJ16: 9512 | AK16: ='All Details'!MZ2 -> 0 | AM16: 193 | AP16: 50s | AR16: MANITOBA | AS16: BIG BELL 2 | AT16: MINEGEOTECH | AX16: DGPS NOT COLLECTED - CHECK SHOT OUTSIDE OF TOLERANCE | AY16: CHG | AZ16: CHARLES GARDINER | BA16: From Horizontal | BI16: =BI15-COS(RADIANS(90-30- J13))*2 -> -1 | BJ16: =BJ15-SIN(RADIANS(90-30- J13))*2 -> 7.2679492
B17: Rig Number | I17: Planned Northing | K17: N | N17: =IF(OR(L17="",J17=""),"",J17-L17) | O17: m | R17: Rmc | X17: 5 | AH17: DGPS | AI17: NONE | AJ17: 3CAL | AK17: ='All Details'!NM2 -> 0 | AM17: 194 | AP17: 49s | AR17: NEW BRUNSWICK | AS17: BOSS RESOURCES | AT17: BOSS RESOURCES | AX17: DGPS NOT COLLECTED - NO SATELLITES RTX | AY17: CLH | AZ17: CAMERON HEATH | BA17: From Horizontal | BI17: Azi Graph - arrow part 2
I18: Elevation GL | K18: m | L18: Total Diff | N18: =IF(N17="","",SQRT(N16^2+N17^2)) | O18: m | X18: 6 | AI18: OTHER | AJ18: NorthGyro | AK18: ='All Details'!PM2 -> 0 | AM18: 195 | AP18: 48s | AR18: NEWFOUNDLAND | AS18: BREAKER RESOURCES | AT18: BREAKER RESOURCES | AX18: DGPS NOT COLLECTED - LIMITED SATELLITES RTX | AY18: CNC | AZ18: CHRISTOPHER CALLISON | BA18: From Horizontal | BI18: =BI15 -> 0 | BJ18: =BJ15 -> 9
B19: Drill Type | D19: RC | I19: Elevation DF | K19: m | R19: Circ Stopped | X19: 7 | AE19: Division | AG19: LoggingUnit | AJ19: GVGamma | AK19: ='All Details'!LM2 -> 0 | AM19: 196 | AP19: 47s | AR19: NW TERRITORIES | AS19: BUXTON RESOURCES | AT19: BUXTON RESOURCES | AX19: DGPS NOT COLLECTED - NO RADIO SIGNAL RTK | AY19: CPJ | AZ19: CALLUM JOSEY | BA19: From Horizontal | BI19: =BI18+SIN(RADIANS(30- J13))*2 -> 1 | BJ19: =BJ18-COS(RADIANS(30- J13))*2 -> 7.2679492
B20: Bit Size | D20: 14 | E20: cm | I20: Elevation KB | K20: m | R20: BH Temp | T20: Deg C | X20: 8 | AE20: PWS | AG20: 0705 | AJ20: ABI | AK20: ='All Details'!LZ2 -> 0 | AM20: 197 | AP20: 46s | AR20: NOVA SCOTIA | AS20: CARAVEL LTD - GILLINGARRA WATER BORES | AT20: CARAVEL MINERALS LIMITED | AX20: DGPS NOT COLLECTED - WOULD NOT CONVERGE RTX | AY20: CWR | AZ20: CHRIS REDMAN | BA20: From Horizontal
B21: Drillers TD (DTD) | D21: 36 | E21: m | I21: Drill Depth From | J21: G.L. | R21: Time Since Circ | T21: Hrs | X21: 9 | AE21: CWS | AG21: 0803 | AJ21: OBI | AK21: ='All Details'!JZ2 -> 0 | AM21: 1873CZ | AP21: 45s | AR21: NUNAVUT | AS21: CHALICE GOLD | AT21: CHALICE GOLD | AX21: DGPS NOT COLLECTED - XXXWHY?XXX | AY21: CX | AZ21: CONG XIAO | BA21: From Horizontal
B22: Loggers TD (LTD) | D22: 35.4 | E22: m | F22: =IF(D21<(D22+3),"","LTD >3m DTD Warning") | I22: Log Depth From | J22: G.L. | K22: m | R22: Fluid Level | S22: DRY | T22: m | X22: 10 | AE22: PPW | AG22: 0805 | AJ22: MCST | AK22: ='All Details'!OZ2 -> 0 | AM22: 1874CZ | AP22: 44s | AR22: ONTARIO | AS22: CYPRIUM METALS | AT22: NIFTY COPPER MINE | AX22: IN ROD COLLECTED WITH 9139 | AY22: DAP | AZ22: DARRYL PAGE | BA22: From Horizontal
B23: Casing Shoe Driller | E23: m | X23: 11 | AE23: WSG | AG23: 0806 | AJ23: DGPS | AK23: ='All Details'!PZ2 -> 0 | AM23: 2281CN | AP23: 43s | AR23: PRINCE EDWARD ISLAND | AS23: DE GREY MINING | AT23: DE GREY MINING | AX23: DENSITY TOOL HUNG AT XX.Xm – DENSITY SURVEY TO XXm | AY23: DJM | AZ23: DAVID METCALFE | BA23: From Horizontal
B24: Casing Shoe Logger | E24: m | I24: Rig Stickup for Header | K24: m | X24: 12 | AG24: 1003 | AJ24: SpectralGamma | AK24: ='All Details'!QM2 -> 0 | AM24: 2282CN | AP24: 42s | AR24: QUEBEC | AS24: ELEVATE URANIUM LIMITED | AT24: ELEVATE URANIUM LIMITED | AX24: NO DENSITY SURVEY – OPEN HOLE BLOCKED AT XXm | AY24: DQU | AZ24: DOM QUINLIVAN | BA24: From Horizontal
B25: Casing OD | I25: Cas Stickup for Header | K25: m | R25: Repeat Section | X25: 13 | AG25: 1005 | AJ25: IRD | AK25: ='All Details'!QZ2 -> 0 | AM25: 2325 | AP25: 41s | AR25: SASKATCHEWAN | AS25: FMGL CHRISTMAS CREEK | AT25: FMGL MINES | AX25: NO DENSITY SURVEY ABOVE XXm – TOOL STUCK ON UPRUN | AY25: DRM | AZ25: DONALD MBANGANI | BA25: From Horizontal
B26: Casing ID | X26: 14 | AG26: 1201 | AJ26: BMR | AK26: ='All Details'!RM2 -> 0 | AM26: 4507NE | AP26: 40s | AR26: YUKON | AS26: FMGL CLOUDBREAK | AT26: FMGL MINES | AY26: DRU | AZ26: DENNIS RUTTEN | BA26: From Horizontal
B27: Casing Weight | I27: Neutron source used | J27: No | X27: 15 | AE27: Acquisition Interval (cm) | AG27: 1206 | AJ27: IND | AK27: ='All Details'!NZ2 -> 0 | AM27: 8715CN/RN940 | AP27: 39s | AS27: FMGL ELIWANA | AT27: FMGL MINES | AX27: NO OPEN HOLE SURVEY - OPEN HOLE BLOCKED AT XXm | AY27: DRZ | AZ27: DANIEL ZAMARCA | BA27: From Horizontal
B28: Casing Type | D28: PVC | I28: Density source used | J28: Yes | R28: SP Scale | AE28: 1 | AG28: 1208 | AJ28: EM51 | AK28: ='All Details'!OM2 -> 0 | AM28: CZ1872 | AP28: 38s | AS28: FMGL SOLOMON | AT28: FMGL MINES | AX28: NO OPEN HOLE SURVEY - OPEN HOLE BLOCKED AT COLLAR | AY28: DVH | AZ28: DEAN VAN HEEZIK | BA28: From Horizontal
B29: Prod. casing OD | E29: mm | AE29: 10 | AG29: 1301 | AJ29: FLOW | AK29: ='All Details'!RZ2 -> 0 | AM29: L516 | AP29: 37s | AS29: FMGX EXPLORATION | AT29: FMGL EXPLORATION | AX29: NO OPEN HOLE SURVEY - OPEN HOLE BLOCKED AT SURFACE | AY29: ERC | AZ29: EDER RODRIGUES COSTA | BA29: From Horizontal
F30: Enter N or | U30: DEPTH CONTROL | AE30: 50 | AG30: 1401 | AJ30: DHEM | AK30: ='All Details'!SM2 -> 0 | AM30: L579 | AP30: 36s | AS30: FQM RAVENSTHORPE | AT30: FIRST QUANTUM MINERALS | AX30: NO OPEN HOLE SURVEY - COLLAR DESTROYED | AY30: FN | AZ30: FADLI NEWELL | BA30: From Horizontal
F31: Hangup Depth | Q31: Start | U31: End | Y31: Suggested | AA31: Correction | AE31: 100 | AG31: 1501 | AJ31: DGPS | AK31: 0 | AM31: L670 | AP31: 35s | AS31: GHD GEOTECH FORRESTFIELD | AT31: GHD | AX31: NO OPEN HOLE SURVEY - COLLAR DAMAGED | AY31: GJL | AZ31: GREGORY LICATA | BA31: From Horizontal
B32: Tool | F32: Tool | H32: Lead | I32: Logging | L32: Depth | N32: Depth | Q32: Shoulder | S32: Encoder | U32: Shoulder | W32: Encoder | Y32: depth | AA32: Applied | AG32: 1502 | AM32: PE551 | AP32: 34s | AS32: GOLDEN GROVE | AT32: MINEGEOTECH | AX32: NO OPEN HOLE SURVEY - ACCESS DESTROYED | AY32: GMF | AZ32: GLEN FOX | BA32: From Horizontal
B33: Type | C33: Serial# | D33: Source | E33: Survey Type | F33: Hang Up | G33: Date | H33: Operator | I33: Unit | J33: Start Time | K33: Finish Time | L33: Top | N33: Bottom | P33: Stickup | Q33: Offset | S33: Depth | U33: Offset | W33: Depth | Y33: correction | AA33: by checklite | AG33: 1701 | AM33: PE555 | AP33: 33s | AS33: GWR HATCHES CREEK | AT33: GWR | AX33: NO OPEN HOLE SURVEY - FIBROUS HOLE | AY33: HKA | AZ33: GUILLAUME DELORME | BA33: From Horizontal
B34: Dummy | C34: =IF(ISNA(VLOOKUP(B34,$S$59:$AB$70,3,0)),"",(VLOOKUP(B34,$S$59:$AB$70,3,0))) -> 0 | D34: =IF(B34="","",IF(ISBLANK(VLOOKUP(B34,$S$59:$AB$70,5,0)),"",(VLOOKUP(B34,$S$59:$AB$70,5,0)))) -> - | E34: Open Hole | F34: N | G34: 46102 | H34: TJJ | I34: =IF(ISNA(VLOOKUP(B34,$S$59:$AB$70,7,0)),"",(VLOOKUP(B34,$S$59:$AB$70,7,0))) -> 2107 | J34: 0.4375 | K34: 0.45833333 | L34: 0 | N34: 35.4 | P34: 0 | Q34: 0 | R34: m | S34: =IF(B34="-","",-Q34-P34) -> 0 | T34: m | U34: 0 | W34: 0 | X34: m | Y34: =IF($S$4=1,IF(B34="-",0,TRUNC(-(W34+U34+P34),2)),IF(B34="-",0,ROUND(-(W34+U34+P34),1))) -> 0 | Z34: m | AA34: =IF(B34="","",VLOOKUP(B34,$AJ$7:$AK$31,2,FALSE)) -> 0 | AB34: m | AG34: 1702 | AM34: PE574 | AP34: 32s | AS34: HANCOCK PROSPECTING | AT34: HANCOCK PROSPECTING | AX34: NO OPEN HOLE SURVEY - POOR PAD CONDITIONS | AY34: JAM | AZ34: JASON MATHER | BA34: From Horizontal
B35: 9622 | C35: =IF(ISNA(VLOOKUP(B35,$S$59:$AB$70,3,0)),"",(VLOOKUP(B35,$S$59:$AB$70,3,0))) -> 4364 | D35: =IF(B35="","",IF(ISBLANK(VLOOKUP(B35,$S$59:$AB$70,5,0)),"",(VLOOKUP(B35,$S$59:$AB$70,5,0)))) -> - | E35: Open Hole | F35: N | G35: 46102 | H35: TJJ | I35: =IF(ISNA(VLOOKUP(B35,$S$59:$AB$70,7,0)),"",(VLOOKUP(B35,$S$59:$AB$70,7,0))) -> 2107 | J35: 0.45833333 | K35: 0.47916667 | L35: 0 | N35: 35.4 | P35: 0 | Q35: 0 | R35: m | S35: =IF(B35="-","",-Q35-P35) -> 0 | T35: m | U35: 0 | W35: 0 | X35: m | Y35: =IF($S$4=1,IF(B35="-",0,TRUNC(-(W35+U35+P35),2)),IF(B35="-",0,ROUND(-(W35+U35+P35),1))) -> 0 | Z35: m | AA35: =IF(B35="","",VLOOKUP(B35,$AJ$7:$AK$31,2,FALSE)) -> 0 | AB35: m | AG35: 1703 | AM35: PE597 | AP35: 31s | AS35: IGO | AT35: IGO DHEM | AY35: JCD | AZ35: JAYDEN DANIELS | BA35: From Horizontal
B36: 9239 | C36: =IF(ISNA(VLOOKUP(B36,$S$59:$AB$70,3,0)),"",(VLOOKUP(B36,$S$59:$AB$70,3,0))) -> 2766 | D36: =IF(B36="","",IF(ISBLANK(VLOOKUP(B36,$S$59:$AB$70,5,0)),"",(VLOOKUP(B36,$S$59:$AB$70,5,0)))) -> H003/21 | E36: Open Hole | F36: N | G36: 46102 | H36: TJJ | I36: =IF(ISNA(VLOOKUP(B36,$S$59:$AB$70,7,0)),"",(VLOOKUP(B36,$S$59:$AB$70,7,0))) -> 2107 | J36: 0.47916667 | K36: 0.5 | L36: 0 | N36: 34.4 | P36: 0 | Q36: 0 | R36: m | S36: =IF(B36="-","",-Q36-P36) -> 0 | T36: m | U36: 0 | W36: 0 | X36: m | Y36: =IF($S$4=1,IF(B36="-",0,TRUNC(-(W36+U36+P36),2)),IF(B36="-",0,ROUND(-(W36+U36+P36),1))) -> 0 | Z36: m | AA36: =IF(B36="","",VLOOKUP(B36,$AJ$7:$AK$31,2,FALSE)) -> 0 | AB36: m | AG36: 1801 | AM36: PE606 | AP36: 30s | AS36: IOC | AT36: IOC | AX36: OPEN HOLE BLOCKED AT XXm | AY36: JCL | AZ36: JEFF LOHREY | BA36: From Horizontal
B37: OBI | C37: =IF(ISNA(VLOOKUP(B37,$S$59:$AB$70,3,0)),"",(VLOOKUP(B37,$S$59:$AB$70,3,0))) -> 1118 | D37: =IF(B37="","",IF(ISBLANK(VLOOKUP(B37,$S$59:$AB$70,5,0)),"",(VLOOKUP(B37,$S$59:$AB$70,5,0)))) -> - | E37: Open Hole | F37: N | G37: 46102 | H37: TJJ | I37: =IF(ISNA(VLOOKUP(B37,$S$59:$AB$70,7,0)),"",(VLOOKUP(B37,$S$59:$AB$70,7,0))) -> 2107 | J37: 0.5 | K37: 0.52083333 | L37: 0 | N37: 34.4 | P37: 0 | Q37: 0 | R37: m | S37: =IF(B37="-","",-Q37-P37) -> 0 | T37: m | U37: 0 | W37: 0 | X37: m | Y37: =IF($S$4=1,IF(B37="-",0,TRUNC(-(W37+U37+P37),2)),IF(B37="-",0,ROUND(-(W37+U37+P37),1))) -> 0 | Z37: m | AA37: =IF(B37="","",VLOOKUP(B37,$AJ$7:$AK$31,2,FALSE)) -> 0 | AB37: m | AG37: 1802 | AM37: PE619 | AP37: 29s | AS37: IRONBRIDGE | AT37: IRONBRIDGE | AX37: HOLE BLOCKED AT SURFACE | AY37: JDT | AZ37: JON TEMBY | BA37: From Horizontal
B38: DGPS | C38: =IF(ISNA(VLOOKUP(B38,$S$59:$AB$70,3,0)),"",(VLOOKUP(B38,$S$59:$AB$70,3,0))) -> 5843S10542 | D38: =IF(B38="","",IF(ISBLANK(VLOOKUP(B38,$S$59:$AB$70,5,0)),"",(VLOOKUP(B38,$S$59:$AB$70,5,0)))) -> - | E38: Open Hole | F38: N | G38: 46102 | H38: TJJ | I38: =IF(ISNA(VLOOKUP(B38,$S$59:$AB$70,7,0)),"",(VLOOKUP(B38,$S$59:$AB$70,7,0))) -> 2107 | J38: 0.52083333 | K38: 0.54166667 | L38: 0 | N38: 0 | P38: 0 | Q38: 0 | R38: m | S38: =IF(B38="-","",-Q38-P38) -> 0 | T38: m | U38: 0 | W38: 0 | X38: m | Y38: =IF($S$4=1,IF(B38="-",0,TRUNC(-(W38+U38+P38),2)),IF(B38="-",0,ROUND(-(W38+U38+P38),1))) -> 0 | Z38: m | AA38: =IF(B38="","",VLOOKUP(B38,$AJ$7:$AK$31,2,FALSE)) -> 0 | AB38: m | AE38: Fluid Level | AG38: 1803 | AM38: R037 | AP38: 28s | AS38: JAGUAR | AT38: ROUND OAK MINERALS | AX38: HOLE BLOCKED AT XXm | AY38: JJD | AZ38: JAMES DANIEL | BA38: From Horizontal
C39: =IF(ISNA(VLOOKUP(B39,$S$59:$AB$70,3,0)),"",(VLOOKUP(B39,$S$59:$AB$70,3,0))) | D39: =IF(B39="","",IF(ISBLANK(VLOOKUP(B39,$S$59:$AB$70,5,0)),"",(VLOOKUP(B39,$S$59:$AB$70,5,0)))) | I39: =IF(ISNA(VLOOKUP(B39,$S$59:$AB$70,7,0)),"",(VLOOKUP(B39,$S$59:$AB$70,7,0))) | R39: m | S39: =IF(B39="-","",-Q39-P39) -> 0 | T39: m | X39: m | Y39: =IF($S$4=1,IF(B39="-",0,TRUNC(-(W39+U39+P39),2)),IF(B39="-",0,ROUND(-(W39+U39+P39),1))) -> 0 | Z39: m | AA39: =IF(B39="","",VLOOKUP(B39,$AJ$7:$AK$31,2,FALSE)) | AB39: m | AG39: 1804 | AM39: R038 | AP39: 27s | AS39: KARARA MINING LIMITED | AT39: KARARA MINING LIMITED | AX39: NO INROD SURVEY | AY39: JKK | AZ39: JIM KADURU | BA39: From Horizontal
C40: =IF(ISNA(VLOOKUP(B40,$S$59:$AB$70,3,0)),"",(VLOOKUP(B40,$S$59:$AB$70,3,0))) | D40: =IF(B40="","",IF(ISBLANK(VLOOKUP(B40,$S$59:$AB$70,5,0)),"",(VLOOKUP(B40,$S$59:$AB$70,5,0)))) | I40: =IF(ISNA(VLOOKUP(B40,$S$59:$AB$70,7,0)),"",(VLOOKUP(B40,$S$59:$AB$70,7,0))) | R40: m | S40: =IF(B40="-","",-Q40-P40) -> 0 | T40: m | X40: m | Y40: =IF($S$4=1,IF(B40="-",0,TRUNC(-(W40+U40+P40),2)),IF(B40="-",0,ROUND(-(W40+U40+P40),1))) -> 0 | Z40: m | AA40: =IF(B40="","",VLOOKUP(B40,$AJ$7:$AK$31,2,FALSE)) | AB40: m | AE40: DRY | AG40: 1901 | AM40: R039 | AP40: 26s | AS40: LYNAS RARE EARTHS | AT40: LYNAS RARE EARTHS | AX40: INROD NOT COLLECTED BY WSG | AY40: JLA | AZ40: JORDAN ALWEYN | BA40: From Horizontal
C41: =IF(ISNA(VLOOKUP(B41,$S$59:$AB$70,3,0)),"",(VLOOKUP(B41,$S$59:$AB$70,3,0))) | D41: =IF(B41="","",IF(ISBLANK(VLOOKUP(B41,$S$59:$AB$70,5,0)),"",(VLOOKUP(B41,$S$59:$AB$70,5,0)))) | I41: =IF(ISNA(VLOOKUP(B41,$S$59:$AB$70,7,0)),"",(VLOOKUP(B41,$S$59:$AB$70,7,0))) | R41: m | S41: =IF(B41="-","",-Q41-P41) -> 0 | T41: m | X41: m | Y41: =IF($S$4=1,IF(B41="-",0,TRUNC(-(W41+U41+P41),2)),IF(B41="-",0,ROUND(-(W41+U41+P41),1))) -> 0 | Z41: m | AA41: =IF(B41="","",VLOOKUP(B41,$AJ$7:$AK$31,2,FALSE)) | AB41: m | AE41: NS | AG41: 1902 | AM41: R056 | AP41: 25s | AS41: MINERAL RESOURCES | AT41: MINERAL RESOURCES | AX41: MAG SUSC RUN CENTRALISED | AY41: JMP | AZ41: JEVARN PRENTICE | BA41: From Horizontal
C42: =IF(ISNA(VLOOKUP(B42,$S$59:$AB$70,3,0)),"",(VLOOKUP(B42,$S$59:$AB$70,3,0))) | D42: =IF(B42="","",IF(ISBLANK(VLOOKUP(B42,$S$59:$AB$70,5,0)),"",(VLOOKUP(B42,$S$59:$AB$70,5,0)))) | I42: =IF(ISNA(VLOOKUP(B42,$S$59:$AB$70,7,0)),"",(VLOOKUP(B42,$S$59:$AB$70,7,0))) | R42: m | S42: =IF(B42="-","",-Q42-P42) -> 0 | T42: m | X42: m | Y42: =IF($S$4=1,IF(B42="-",0,TRUNC(-(W42+U42+P42),2)),IF(B42="-",0,ROUND(-(W42+U42+P42),1))) -> 0 | Z42: m | AA42: =IF(B42="","",VLOOKUP(B42,$AJ$7:$AK$31,2,FALSE)) | AB42: m | AG42: 2001 | AM42: R057 | AP42: 24s | AS42: NEWCREST | AT42: NEWCREST | AX42: RE-ENTRY HOLE | AY42: JNG | AZ42: JACK NGUYEN | BA42: From Horizontal
C43: =IF(ISNA(VLOOKUP(B43,$S$59:$AB$70,3,0)),"",(VLOOKUP(B43,$S$59:$AB$70,3,0))) | D43: =IF(B43="","",IF(ISBLANK(VLOOKUP(B43,$S$59:$AB$70,5,0)),"",(VLOOKUP(B43,$S$59:$AB$70,5,0)))) | I43: =IF(ISNA(VLOOKUP(B43,$S$59:$AB$70,7,0)),"",(VLOOKUP(B43,$S$59:$AB$70,7,0))) | R43: m | S43: =IF(B43="-","",-Q43-P43) -> 0 | T43: m | X43: m | Y43: =IF($S$4=1,IF(B43="-",0,TRUNC(-(W43+U43+P43),2)),IF(B43="-",0,ROUND(-(W43+U43+P43),1))) -> 0 | Z43: m | AA43: =IF(B43="","",VLOOKUP(B43,$AJ$7:$AK$31,2,FALSE)) | AB43: m | AE43: Pad Condition | AG43: 2002 | AM43: H001/21 | AP43: 23s | AS43: NEWMONT BODDINGTON | AT43: NEWMONT MINING | AX43: AREA INACCESSIBLE DUE TO REHAB | AY43: JOT | AZ43: JONATHAN TAYLOR | BA43: From Horizontal
C44: =IF(ISNA(VLOOKUP(B44,$S$59:$AB$70,3,0)),"",(VLOOKUP(B44,$S$59:$AB$70,3,0))) | D44: =IF(B44="","",IF(ISBLANK(VLOOKUP(B44,$S$59:$AB$70,5,0)),"",(VLOOKUP(B44,$S$59:$AB$70,5,0)))) | I44: =IF(ISNA(VLOOKUP(B44,$S$59:$AB$70,7,0)),"",(VLOOKUP(B44,$S$59:$AB$70,7,0))) | R44: m | S44: =IF(B44="-","",-Q44-P44) -> 0 | T44: m | X44: m | Y44: =IF($S$4=1,IF(B44="-",0,TRUNC(-(W44+U44+P44),2)),IF(B44="-",0,ROUND(-(W44+U44+P44),1))) -> 0 | Z44: m | AA44: =IF(B44="","",VLOOKUP(B44,$AJ$7:$AK$31,2,FALSE)) | AB44: m | AE44: - | AG44: 2003 | AM44: H002/21 | AP44: 22s | AS44: NEWMONT CHRISTMAS CREEK | AT44: NEWMONT GOLD | AY44: JSK | AZ44: JESSE SKEY | BA44: From Horizontal
AE45: Good - clean stable surface | AG45: 2004 | AM45: H003/22 | AP45: 21s | AS45: NEWMONT TANAMI | AT45: NEWMONT MINING | AX45: DRILLER PULLED ONE ROD TO XXm | AY45: KAK | AZ45: KARTIK KUMAR | BA45: From Horizontal
K46: GYRO ORIENTATION | S46: Spinning Mass Gyro | AE46: Ok - waste left on pad | AG46: 2005 | AM46: H004/22 | AP46: 20s | AS46: ORABANDA MINING LTD | AT46: DAVYHURST PROJECT | AX46: STEEL CASING TO XXm | AY46: KAN | AZ46: KURT NEILSON | BA46: From Horizontal
E47: Bearing | F47: Signal | H47: Orientation comments | S47: Total Drift | U47: Survey Time | W47: Drift Min | Y47: Drift Hr | AA47: Drift Bust | AE47: Ok - muddy / uneven pad | AG47: 2101 | AM47: H005/23 | AP47: 19s | AS47: PODIUM MINERALS - NEWEXCO | AT47: PARKS REEF PROJECT | AX47: PVC CASING TO XXm | AY47: KJS | AZ47: KHAI SPINK | BA47: From Horizontal
D48: APS | W48: =S48/U48 -> #DIV/0! | Y48: =W48*60 -> #DIV/0! | AE48: Poor - Collar hazardous | AG48: 2102 | AJ48: 9238 | AM48: H006/23 | AP48: 18s | AS48: PREMIER COAL | AT48: PREMIER COAL | AX48: Internal comments - not for client | AY48: KLH | AZ48: KATE HATTON | BA48: From Horizontal
D49: Compass | AE49: Poor - Hazardous pad surface | AG49: 2103 | AJ49: 9239 | AM49: H007/24 | AP49: 17s | AS49: PRODIGY GOLD | AT49: PRODIGY GOLD | AY49: KZA | AZ49: RICHARD AUNG | BA49: From Horizontal | BB49: NAD83 | BC49: 50s
S50: MEMS Gyro | AE50: Bad - inaccessible due to pad condition | AG50: 2104 | AJ50: 9622 | AM50: H008/24 | AP50: 16s | AS50: REGIS RESOURCES | AT50: REGIS RESOURCES | AX50: DGPS DELAYED - WILL BE COLLECTED ASAP | AY50: LDW | AZ50: LIAM WALKER | BA50: From Horizontal
S51: Rotation | W51: Start Azi | AE51: Bad - inaccessible due to collar blown | AG51: 2105 | AM51: P_null | AP51: 15s | AS51: RESOURCE POTENTIALS | AT51: RESOURCE POTENTIALS | AY51: LRI | AZ51: LUKE RICHARDS | BA51: From Horizontal
C52: Gyro ref | D52: Easting | E52: Northing | F52: Sighter Ref | G52: Easting | H52: Northing | I52: dE | J52: dN | K52: Distance | L52: Bearing | S52: Inrun | U52: Outrun | W52: InRun | Y52: Outrun | AA52: In Vs Out | AG52: 2106 | AM52: P_116 | AP52: 14s | AS52: RIO TINTO EXPL CAN | AT52: RIO TINTO EXPL CAN | AX52: TOP OF TUBE AT XXM | AY52: LTW | AZ52: LISA WHITFORD | BA52: From Horizontal | BB52: GDA94 | BC52: 50s
B53: Handheld | I53: =G53-D53 -> 0 | J53: =H53-E53 -> 0 | K53: =SQRT(I53^2+J53^2) -> 0 | L53: =IF((450-DEGREES(ATAN2($I53,$J53)))>360,((450-DEGREES(ATAN2($I53,$J53)))-360),(450-DEGREES(ATAN2($I53,$J53)))) -> #DIV/0! | Q53: Main Log | AA53: =W53-Y53 -> 0 | AG53: 2107 | AM53: P_134 | AP53: 13s | AS53: ROY HILL MCPHEE CREEK | AT53: ROY HILL | AX53: PULLED BACK XXM TOP OF TUBE AT XXM | AY53: MAW | AZ53: MYLES WILLIAMSON | BA53: From Horizontal | BB53: GDA94 | BC53: 50s
B54: DGPS | I54: =G54-D54 -> 0 | J54: =H54-E54 -> 0 | K54: =SQRT(I54^2+J54^2) -> 0 | L54: =IF((450-DEGREES(ATAN2($I54,$J54)))>360,((450-DEGREES(ATAN2($I54,$J54)))-360),(450-DEGREES(ATAN2($I54,$J54)))) -> #DIV/0! | Q54: Collar Shot | AA54: =W54-Y54 -> 0 | AG54: 2108 | AM54: P_154 | AP54: 12s | AS54: ROY HILL MINE | AT54: ROY HILL | AX54: BOTTOM BARREL AT XXM | AY54: MKJ | AZ54: MICHAEL JOYCE | BA54: From Horizontal | BB54: GDA94 | BC54: 50s
AE55: Optical Borehole Visibility | AG55: 2109 | AM55: P_155 | AP55: 11s | AS55: RTIO BROCKMAN | AT55: RIO TINTO IRON ORE | AU55: BROCKMAN | AX55: NSGYRO BAD STATISTIC WARNING, BAD STATISTIC DESELECTED, , TEXT FILE EDITED | AY55: MM | AZ55: MOSES MUREITHI | BA55: From Horizontal
B56: WARNING: Dragging and dropping Comments will corrupt FieldTrack and your Well Reports - Please add or delete comments - but don't drag and drop comment cells. | Z56: Open Hole Encoder Factor | AA56: 0.12334 | AE56: NS | AG56: 2110 | AM56: P_158 | AP56: 10s | AS56: RTIO EXPLORATION | AT56: RIO TINTO IRON ORE | AU56: EXPLORATION | AY56: MOR | AZ56: MATHEW O'REILLY | BA56: From Horizontal | BB56: GDA94 | BC56: 50s
B57: Log Header Comments - SPELL CHECK - THESE ARE THE COMMENTS FOR THE CLIENT. BE AS CLEAR AS POSSIBLE. | Q57: Tool Serial Numbers and Calibration Details | AE57: Very High - 90% | AG57: 2111 | AM57: P_6017 | AP57: 9s | AS57: RTIO GUDAI DARRI | AT57: RIO TINTO IRON ORE | AU57: GUDAI DARRI | AY57: NHA | AZ57: NADER HAIDAR | BA57: From Horizontal | BB57: GDA94 | BC57: 50s
Q58: Cal Date | S58: Tool type | U58: Serial # | W58: Source # | Y58: Unit # | AA58: Cal Hole Name | AC58: SS CPS Low | AD58: SS CPS High | AE58: High - 75% | AG58: 2112 | AM58: P_6880 | AP58: 8s | AS58: RTIO HOPE DOWNS | AT58: RIO TINTO IRON ORE | AU58: HOPE DOWNS | AY58: NIC | AZ58: NICHOLAS COETZEE | BA58: From Horizontal | BB58: GDA94 | BC58: 50s
P59: Cal 1 - Den | Q59: 46092 | S59: 9239 | U59: 2766 | W59: H003/21 | Y59: 2107 | AA59: DD25BS30011 | AC59: 7180 | AD59: 2700 | AE59: Moderate - 50% | AG59: 2201 | AK59: =S59 -> 9239 | AL59: =U59 -> 2766 | AM59: P_6882 | AN59: =Q59 -> 46092 | AP59: 7s | AS59: RTIO MARANDOO | AT59: RIO TINTO IRON ORE | AU59: MARANDOO | AY59: PB | AZ59: PAUL BRAMLEY | BA59: From Horizontal | BB59: GDA94 | BC59: 50s
P60: Cal 2 - Mag | Q60: 46092 | S60: 9622 | U60: 4364 | W60: - | Y60: 2107 | AA60: DD25BS30011 | AE60: Poor - 25% | AG60: 2202 | AK60: =S60 -> 9622 | AL60: =U60 -> 4364 | AM60: P_8013 | AN60: =Q60 -> 46092 | AP60: 6s | AS60: RTIO PARABURDOO | AT60: RIO TINTO IRON ORE | AU60: PARABURDOO | AY60: POL | AZ60: PIERRE-OLIVIER LANGE | BA60: From Horizontal | BB60: GDA94 | BC60: 50s
Q61: 46092 | S61: Dummy | U61: 0 | W61: - | Y61: 2107 | AA61: DD25BS30011 | AE61: Very Poor - 0% | AG61: 2203 | AK61: =S61 -> Dummy | AL61: =U61 -> 0 | AM61: P_8014 | AN61: =Q61 -> 46092 | AP61: 5s | AS61: RTIO ROBE VALLEY | AT61: RIO TINTO IRON ORE | AU61: ROBE VALLEY | AY61: RBO | AZ61: RONALD BONDOC | BA61: From Horizontal | BB61: GDA94 | BC61: 50s
Q62: 46092 | S62: OBI | U62: 1118 | W62: - | Y62: 2107 | AA62: DD25BS30011 | AG62: 2204 | AK62: =S62 -> OBI | AL62: =U62 -> 1118 | AM62: P_8027 | AN62: =Q62 -> 46092 | AP62: 4s | AS62: RTIO TOM PRICE | AT62: RIO TINTO IRON ORE | AU62: TOM PRICE | AY62: RGD | AZ62: ROHAN DOYLE | BA62: From Horizontal
Q63: 46092 | S63: ABI | U63: 1015 | W63: - | Y63: 2107 | AA63: DD25BS30011 | AG63: 2205 | AK63: =S63 -> ABI | AL63: =U63 -> 1015 | AM63: P_8030 | AN63: =Q63 -> 46092 | AP63: 3s | AS63: RTIO WEST ANGELAS | AT63: RIO TINTO IRON ORE | AU63: WEST ANGELAS | AY63: RLL | AZ63: RUBEN LOPEZ | BA63: From Horizontal
B64: Optical Borehole Visibility | E64: Moderate - 50% | Q64: 46092 | S64: DGPS | U64: 5843S10542 | W64: - | Y64: 2107 | AA64: DD25BS30011 | AE64: Optical Water Clarity | AG64: 2206 | AK64: =S64 -> DGPS | AL64: =U64 -> 5843S10542 | AM64: P_8038 | AN64: =Q64 -> 46092 | AP64: 2s | AS64: RTX CALIBRE | AT64: RIO TINTO EXPL AUS | AY64: ROB | AZ64: RHYS BALE | BA64: From Horizontal | BB64: GDA94 | BC64: 50s
B65: Optical Water Clarity | E65: Visible - Borehole Visible | Q65: 46092 | S65: 9012InRod | U65: 4521 | Y65: 2107 | AA65: DD25BS30011 | AE65: NS | AG65: 2207 | AK65: =S65 -> 9012InRod | AL65: =U65 -> 4521 | AM65: P_8039 | AN65: =Q65 -> 46092 | AP65: 1s | AS65: RTX JANICE LAKE | AT65: RIO TINTO EXPL CAN | AY65: SGK | AZ65: STEVE KARIUKI | BA65: From Horizontal
B66: Internal Comments - THESE ARE ONLY SEEN INTERNALLY BY WSG | Q66: 46092 | S66: NorthGyro | U66: 6498 | W66: P_null | Y66: 2107 | AA66: DD25BS30011 | AE66: Visible - Borehole Visible | AG66: 2301 | AK66: =S66 -> NorthGyro | AL66: =U66 -> 6498 | AM66: P_8040 | AN66: =Q66 -> 46092 | AP66: 60n | AS66: RTX METAWANDY | AT66: RIO TINTO EXPL AUS | AY66: SHE | AZ66: SHANE ELLIOTT | BA66: From Horizontal
Q67: 46092 | S67: GVGamma | U67: 6957 | Y67: 2107 | AA67: DD25BS30011 | AE67: Murkey - shrouded image | AG67: 2302 | AK67: =S67 -> GVGamma | AL67: =U67 -> 6957 | AM67: =W59 -> H003/21 | AN67: =Q67 -> 46092 | AP67: 59n | AS67: RTX PATERSON | AT67: RIO TINTO EXPL AUS | AY67: SJB | AZ67: SIMON BURNUP | BA67: From Horizontal
AE68: None - borehole not visible | AG68: 2303 | AK68: =S68 -> 0 | AL68: =U68 -> 0 | AM68: =W60 -> - | AN68: =Q68 -> 0 | AP68: 58n | AS68: RTX WINU | AT68: RIO TINTO EXPL AUS | AY68: SJW | AZ68: SAMUEL WILLIAMS | BA68: From Horizontal
AG69: 2401 | AK69: =S69 -> 0 | AL69: =U69 -> 0 | AM69: =W61 -> - | AN69: =Q69 -> 0 | AP69: 57n | AS69: SINOSTEEL MIDWEST | AT69: SINOSTEEL MIDWEST | AY69: SPE | AZ69: SABRINA PENNEY | BA69: From Horizontal
AG70: 2402 | AK70: =S70 -> 0 | AL70: =U70 -> 0 | AM70: =W62 -> - | AN70: =Q70 -> 0 | AP70: 56n | AS70: SSR MINING | AT70: SSR MINING | AY70: SR | AZ70: SHRIRAM RAMESH | BA70: From Horizontal
AG71: 2403 | AM71: =W63 -> - | AP71: 55n | AS71: TALISON LITHIUM | AT71: TALISON LITHIUM | AY71: THN | AZ71: TALIB NAZARY | BA71: From Horizontal
AG72: 2404 | AM72: =W64 -> - | AP72: 54n | AS72: TECK RESOURCES | AT72: TECK RESOURCES | AY72: TJJ | AZ72: TINITIKO ORCHARD-MARSTERS | BA72: From Horizontal
AE73: 9012InRod | AG73: 2405 | AM73: =W65 -> 0 | AP73: 53n | AS73: TUNGSTEN MT MULGINE | AT73: TUNGSTEN MINING | AY73: TOM | AZ73: TOM WOLFE | BA73: From Horizontal
AE74: OBI | AG74: 2406 | AM74: =W66 -> P_null | AP74: 52n | AS74: VALE | AT74: VALE | AY74: WGO | AZ74: WEHANN GOUWS | BA74: From Horizontal
AE75: ABI | AG75: 2407 | AM75: =W67 -> 0 | AP75: 51n | AS75: VALE CAPRE | AT75: VALE | AY75: WJF | AZ75: WILLIAM FRYER | BA75: From Horizontal
AE76: NorthGyro | AG76: 2408 | AM76: =W68 -> 0 | AP76: 50n | AS76: WALLBRIDGE FENELON | AT76: WALLBRIDGE | AY76: WJO | AZ76: WILLIAM O'MARA | BA76: From Horizontal
AE77: GVGamma | AG77: 2501 | AM77: =W69 -> 0 | AP77: 49n | AS77: WESTERN AREAS | AT77: WESTERN AREAS | AY77: YEL | AZ77: YANGCHUN LI | BA77: From Horizontal
AG78: 2502 | AM78: =W70 -> 0 | AP78: 48n | AY78: zzd | AZ78: zz down
AG79: 2503 | AP79: 47n | AY79: zzm | AZ79: zz middle
AG80: 2504 | AP80: 46n | AY80: zzt | AZ80: zz top
AP81: 45n
AP82: 44n
AP83: 43n
AP84: 42n
AP85: 41n
AP86: 40n
AP87: 39n
AP88: 38n
AP89: 37n
AP90: 36n
AP91: 35n
AP92: 34n
... AP125: 1n

Sheet Data for Monthly Spreadsheet
A1: PWS
A3: Hole Name | B3: Tenement ID | C3: Easting | D3: Northing | E3: Planned Dip | F3: Planned Azimuth | G3: PEG No. | H3: Drilled Depth | I3: Inrod Date | J3: InRod Operator | K3: InRods Truck Number | L3: Magnetic Susceptibility Date | M3: Density Date | N3: Open Hole Operator | O3: Open Hole Truck Number | P3: OTV Date | Q3: ATV Date | R3: Image Operator | S3: Image Truck Number | T3: Completed Hole? | U3: Comments Line 1 | V3: Comments Line 2 | W3: Comments Line 3 | X3: Comments Line 4
A4: ='All Details'!A2 -> RC26VIV0007 | B4: ='All Details'!E2 -> VIV | C4: ='All Details'!U2 | D4: ='All Details'!T2 | E4: ='All Details'!AB2 -> -90 | F4: ='All Details'!AC2 -> 0 | G4: ='All Details'!B2 -> 12946 | H4: ='All Details'!O2 -> 36 | I4: ='All Details'!DZ2 | J4: ='All Details'!DR2 | L4: ='All Details'!KR2 -> 46102 | M4: ='All Details'!IE2 | N4: ='All Details'!DS2 -> TJJ | O4: ='All Details'!DV2 -> 2107 | P4: ='All Details'!LR2 -> 46102 | Q4: ='All Details'!LE2 | R4: ='All Details'!FJ2 -> TJJ | S4: ='All Details'!FI2 | T4: ='All Details'!L2 -> Yes | U4: ='All Details'!AN2 | V4: ='All Details'!AO2 | W4: ='All Details'!AP2 | X4: ='All Details'!AQ2 | Y4: ='All Details'!AR2
A7: PPW
A9: Hole Name | B9: Tenement ID | C9: Easting | D9: Northing | E9: Planned Dip | F9: Planned Azimuth | G9: Drilled Depth | H9: TGT Depth | I9: TGT Date | J9: TGT Operator | K9: Service Co | L9: Truck Number | M9: GYRO Depth | N9: GYRO Date | O9: GYRO Operator | P9: Service Co | Q9: Truck Number | R9: Gyro hang up in rods | S9: Mag Susc Date | T9: Mag Susc Depth | U9: Density Date | V9: Density Depth | W9: Conductivity Date | X9: Conductivity Depth | Y9: Open Hole Operator | Z9: Service Company | AA9: Open Hole Truck Number | AB9: OTV date | AC9: OTV depth | AD9: OTV Op | AE9: ATV date | AF9: ATV Depth | AG9: ATV OP | AH9: Approx Water Table Depth | AI9: Steel Casing Depth | AJ9: Gyro? | AK9: Completed Hole? | AL9: Pad Condition WHEN LEFT | AM9: Logging Operator Comments | AN9: % hole open hole logged | AO9: Density Tool no | AP9: Density Source No | AQ9: Triple GAMMA Tool No | AR9: K_factor | BA9: TOP Depth | BB9: Bottom Depth (Open Hole) | BC9: Bottom Depth (All runs) | BD9: Last Log Date
A10: ='All Details'!A2 -> RC26VIV0007 | B10: ='All Details'!E2 -> VIV | C10: ='All Details'!U2 | D10: ='All Details'!T2 | E10: ='All Details'!AB2 -> -90 | F10: ='All Details'!AC2 -> 0 | G10: ='All Details'!O2 -> 36 | H10: ='All Details'!DW2 | I10: ='All Details'!DZ2 | J10: ='All Details'!DR2 | K10: PPW | L10: ='All Details'!DU2 | M10: ='All Details'!MX2 | N10: ='All Details'!MR2 | O10: ='All Details'!MS2 | P10: PPW | Q10: ='All Details'!MT2 | R10: ='All Details'!MQ2 | S10: ='All Details'!KR2 -> 46102 | T10: ='All Details'!KX2 -> 35.4 | U10: ='All Details'!IE2 | V10: ='All Details'!IK2 | W10: ='All Details'!KE2 | X10: ='All Details'!KK2 | Y10: ='All Details'!DS2 -> TJJ | Z10: PPW | AA10: ='All Details'!DV2 -> 2107 | AB10: ='All Details'!LR2 -> 46102 | AC10: ='All Details'!LX2 -> 34.4 | AD10: ='All Details'!LS2 -> TJJ | AE10: ='All Details'!LE2 | AF10: ='All Details'!LK2 | AG10: ='All Details'!LF2 | AH10: ='All Details'!AD2 -> DRY | AI10: ='All Details'!S2 -> 0 | AJ10: ='All Details'!DY2 | AK10: ='All Details'!L2 -> Yes | AL10: ='All Details'!DL2 -> Good - clean stable surface | AM10: ='All Details'!AN2 | AO10: ='All Details'!IA2 | AP10: ='All Details'!IB2 | AQ10: ='All Details'!NN2

Sheet All Details
A1: HoleName | B1: PEGNUMBER | C1: Client | D1: Field_ID | E1: Location | F1: State_Prov | G1: Country | H1: JobNo | I1: Date | J1: Unit | K1: Crew | L1: CompletedHole | M1: Witness | N1: BitSize | O1: DrillersTD | P1: LoggerTD | Q1: CasingOD | R1: DrillerCasing | S1: LoggerCasing | T1: Northing | U1: Easting | V1: ElevGL | W1: ElevDF | X1: ElevKB | Y1: DrillDepthfrom | Z1: LogDepthFrom | AA1: Stickup | AB1: PlannedDip | AC1: PlannedAzimuth | AD1: FluidLevel | AE1: MudRes | AF1: MudTemp | AG1: FluidType | AH1: RigNumber | AI1: MagDec | AJ1: SPLEFT | AK1: SPRIGHT | AL1: REPEATTOP | AM1: REPEATBOTTOM | AN1: REMARKS1 | AO1: REMARKS2 | AP1: REMARKS3 | AQ1: REMARKS4 | AR1: REMARKS5 | AS1: REMARKS6 | AT1: OpticalBoreholeVisibility | AU1: OpticalWaterClarity | AV1: FluidDENSITY | AW1: SALINITY | AX1: RMat25 | AY1: RMFat25 | AZ1: RMCat25 | BA1: TIMESINCECIRC | BB1: stopcirc | BC1: BHT | BD1: HEADERGL | BE1: HEADERDF | BF1: HEADERKB | BG1: Drillmeasuredfrom | BH1: Logmeasuredfrom | BI1: Inrod_Openhole_Cased_PVC | BJ1: TOPDepth | BK1: BottomDepth_OpenHole_ | BL1: BottomDepth_Allruns_ | BM1: LastLogDate | BN1: DetailTop1 | BO1: DetailBottom1 | BP1: DetailTop2 | BQ1: DetailBottom2 | BR1: DetailTop3 | BS1: DetailBottom3 | BT1: DetailTop4 | BU1: DetailBottom4 | BV1: DetailTop5 | BW1: DetailBottom5 | BX1: DetailTop6 | BY1: DetailBottom6 | BZ1: DetailTop7 | CA1: DetailBottom7 | CB1: DetailTop8 | CC1: DetailBottom8 | CD1: DetailTop9 | CE1: DetailBottom9 | CF1: DetailTop10 | CG1: DetailBottom10 | CH1: DetailTop11 | CI1: DetailBottom11 | CJ1: DetailTop12 | CK1: DetailBottom12 | CL1: DetailTop13 | CM1: DetailBottom13 | CN1: DetailTop14 | CO1: DetailBottom14 | CP1: DetailTop15 | CQ1: DetailBottom15 | CR1: HeaderRigStickup | CS1: HeaderCasingStickup | CT1: LASRigStickup | CU1: LASCasingStickup | CV1: LASFluidDensity | CW1: DCTCALINFO | CX1: NDECALINFO | CY1: CASINGTYPE | CZ1: CASINGTHICKNESS | DA1: PRODCASINGOD | DB1: Datum | DC1: CompanyCode | DD1: OthercommentsLine1 | DE1: OthercommentsLine2 | DF1: OthercommentsLine3 | DG1: RTIOHUB | DH1: RTXDATE | DI1: NeutronSourceUsed | DJ1: DensitySourceUsed | DK1: COMPANYDIVISION | DL1: PADCONDITION | DM1: FIELD | DN1: COMPANYDIVISIONa | DO1: COMPANYDIVISIONb | DP1: COMPANYDIVISIONC | DQ1: GyroOp | DR1: InrodOp | DS1: OpenOp | DT1: GyroUnit | DU1: InRodUnit | DV1: OpenUnit | DW1: InRod Gamma Depth | DX1: HDRFluidLevel | DY1: Gyrodate | DZ1: InRodDate | EA1: Gyrocommentline1 | EB1: Gyrocommentline2 | EC1: GyroAPSbearing | ED1: GyroAPSSignal | EE1: GyroCompassbearing | EF1: HandheldGPSGyroRef | EG1: HandheldGPSGyroEasting | EH1: HandheldGPSGyroNorthing | EI1: HandheldGPSSighterReference | EJ1: HandheldGPSSighterEasting | EK1: HandheldGPSSighterNorthing | EL1: HandheldGPSdE | EM1: HandheldGPSdN | EN1: HandheldGPSDistance | EO1: HandheldGPSBearing | EP1: FluidVIS | EQ1: RunID | ER1: DGPSGyroRef | ES1: DGPSGyroEasting | ET1: DGPSGyroNorthing | EU1: DGPSSighterReference | EV1: DGPSSighterEasting | EW1: DGPSSighterNorthing | EX1: DGPSdE | EY1: DGPSdN | EZ1: DGPSDistance | FA1: DGPSBearing | FB1: HDRDrillmeasuredfrom | FC1: HDRLogmeasuredfrom | FD1: SPMGyroTotalDrift | FE1: SPMGyroSurveyTime | FF1: SPMGyroDriftMin | FG1: SPMGyroDriftHour | FH1: SPMGyroDriftBust | FI1: ImageUnit | FJ1: ImageOp | FK1: MEMSGyroInrunRotation | FL1: MEMSGyroOutrunRotation | FM1: MEMSGyroInrunStartAzi | FN1: MEMSGyroOutrunStartAzi | FO1: MEMSGyroInvsOut | FP1: Caldate1 | FQ1: CalType1 | FR1: CalSerial1 | FS1: CalSource1 | FT1: CalUnit1 | FU1: CalHoleNme1 | FV1: Caldate2 | FW1: CalType2 | FX1: CalSerial2 | FY1: CalSource2 | FZ1: CalUnit2 | GA1: CalHoleNme2 | GB1: Caldate3 | GC1: CalType3 | GD1: CalSerial3 | GE1: CalSource3 | GF1: CalUnit3 | GG1: CalHoleNme3 | GH1: Caldate4 | GI1: CalType4 | GJ1: CalSerial4 | GK1: CalSource4 | GL1: CalUnit4 | GM1: CalHoleNme4 | GN1: DPCcomments | GO1: DataProcessingComplete | GP1: GeophysicsUploaded | GQ1: GyroUploaded | GR1: BHTVUploaded | GS1: OPTVUploaded | GT1: MCSTUploaded | GU1: TGTUploaded | GV1: _9012InRodToolSerial | GW1: OBISerialNo | GX1: ABISerialNo | GY1: _9098SerialNo | GZ1: TGTSerialNo | HA1: _9012SerialNumber | HB1: _9012Sourcenumber | HC1: _9012SurveyType | HD1: _9012ToolHangup | HE1: _9012Date | HF1: _9012Operator | HG1: _9012LoggingUnit | HH1: _9012Starttime | HI1: _9012Finishtime | HJ1: _9012Depthtop | HK1: _9012DepthBottom | HL1: _9012DepthCorrectioncalculated | HM1: _9012DepthCorrectionApplied | HN1: _9057SerialNumber | HO1: _9057Sourcenumber | HP1: _9057SurveyType | HQ1: _9057ToolHangup | HR1: _9057Date | HS1: _9057Operator | HT1: _9057LoggingUnit | HU1: _9057Starttime | HV1: _9057Finishtime | HW1: _9057Depthtop | HX1: _9057DepthBottom | HY1: _9057DepthCorrectioncalculated | HZ1: _9057DepthCorrectionApplied | IA1: _9238SerialNumber | IB1: _9238Sourcenumber | IC1: _9238SurveyType | ID1: _9238ToolHangup | IE1: _9238Date | IF1: _9238Operator | IG1: _9238LoggingUnit | IH1: _9238Starttime | II1: _9238Finishtime | IJ1: _9238Depthtop | IK1: _9238DepthBottom | IL1: _9238DepthCorrectioncalculated | IM1: _9238DepthCorrectionApplied | IN1: _9239SerialNumber | IO1: _9239Sourcenumber | IP1: _9239SurveyType | IQ1: _9239ToolHangup | IR1: _9239Date | IS1: _9239Operator | IT1: _9239LoggingUnit | IU1: _9239Starttime | IV1: _9239Finishtime | IW1: _9239Depthtop | IX1: _9239DepthBottom | IY1: _9239DepthCorrectioncalculated | IZ1: _9239DepthCorrectionApplied | JA1: _9321SerialNumber | JB1: _9321Sourcenumber | JC1: _9321SurveyType | JD1: _9321ToolHangup | JE1: _9321Date | JF1: _9321Operator | JG1: _9321LoggingUnit | JH1: _9321Starttime | JI1: _9321Finishtime | JJ1: _9321Depthtop | JK1: _9321DepthBottom | JL1: _9321DepthCorrectioncalculated | JM1: _9321DepthCorrectionApplied | JN1: MCSTSerialNumber | JO1: MCSTSourcenumber | JP1: MCSTSurveyType | JQ1: MCSTToolHangup | JR1: MCSTDate | JS1: MCSTOperator | JT1: MCSTLoggingUnit | JU1: MCSTStarttime | JV1: MCSTFinishtime | JW1: MCSTDepthtop | JX1: MCSTDepthBottom | JY1: MCSTDepthCorrectioncalculated | JZ1: MCSTDepthCorrectionApplied | KA1: _9510SerialNumber | KB1: _9510Sourcenumber | KC1: _9510SurveyType | KD1: _9510ToolHangup | KE1: _9510Date | KF1: _9510Operator | KG1: _9510LoggingUnit | KH1: _9510Starttime | KI1: _9510Finishtime | KJ1: _9510Depthtop | KK1: _9510DepthBottom | KL1: _9510DepthCorrectioncalculated | KM1: _9510DepthCorrectionApplied | KN1: _9622SerialNumber | KO1: _9622Sourcenumber | KP1: _9622SurveyType | KQ1: _9622ToolHangup | KR1: _9622Date | KS1: _9622Operator | KT1: _9622LoggingUnit | KU1: _9622Starttime | KV1: _9622Finishtime | KW1: _9622Depthtop | KX1: _9622DepthBottom | KY1: _9622DepthCorrectioncalculated | KZ1: _9622DepthCorrectionApplied | LA1: ABISerialNumber | LB1: ABISourcenumber | LC1: ABISurveyType | LD1: ABIToolHangup | LE1: ABIDate | LF1: ABIOperator | LG1: ABILoggingUnit | LH1: ABIStarttime | LI1: ABIFinishtime | LJ1: ABIDepthtop | LK1: ABIDepthBottom | LL1: ABIDepthCorrectioncalculated | LM1: ABIDepthCorrectionApplied | LN1: OBISerialNumber | LO1: OBISourcenumber | LP1: OBISurveyType | LQ1: OBIToolHangup | LR1: OBIDate | LS1: OBIOperator | LT1: OBILoggingUnit | LU1: OBIStarttime | LV1: OBIFinishtime | LW1: OBIDepthtop | LX1: OBIDepthBottom | LY1: OBIDepthCorrectioncalculated | LZ1: OBIDepthCorrectionApplied | MA1: GYRO_9098SerialNumber | MB1: GYRO_9098Sourcenumber | MC1: GYRO_9098SurveyType | MD1: GYRO_9098ToolHangup | ME1: GYRO_9098Date | MF1: GYRO_9098Operator | MG1: GYRO_9098LoggingUnit | MH1: GYRO_9098Starttime | MI1: GYRO_9098Finishtime | MJ1: GYRO_9098Depthtop | MK1: GYRO_9098DepthBottom | ML1: GYRO_9098DepthCorrectioncalculated | MM1: GYRO_9098DepthCorrectionApplied | MN1: GYRO_MemsSerialNumber | MO1: GYRO_MemsSourcenumber | MP1: GYRO_MemsSurveyType | MQ1: GYRO_MemsToolHangup | MR1: GYRO_MemsDate | MS1: GYRO_MemsOperator | MT1: GYRO_MemsLoggingUnit | MU1: GYRO_MemsStarttime | MV1: GYRO_MemsFinishtime | MW1: GYRO_MemsDepthtop | MX1: GYRO_MemsDepthBottom | MY1: GYRO_MemsDepthCorrectioncalculated | MZ1: GYRO_MemsDepthCorrectionApplied | NA1: GYRO_NorthSerialNumber | NB1: GYRO_NorthSourcenumber | NC1: GYRO_NorthSurveyType | ND1: GYRO_NorthToolHangup | NE1: GYRO_NorthDate | NF1: GYRO_NorthOperator | NG1: GYRO_NorthLoggingUnit | NH1: GYRO_NorthStarttime | NI1: GYRO_NorthFinishtime | NJ1: GYRO_NorthDepthtop | NK1: GYRO_NorthDepthBottom | NL1: GYRO_NorthDepthCorrectioncalculated | NM1: GYRO_NorthDepthCorrectionApplied | NN1: TGTSerialNumber | NO1: TGTSourcenumber | NP1: TGTSurveyType | NQ1: TGTToolHangup | NR1: TGTDate | NS1: TGTOperator | NT1: TGTLoggingUnit | NU1: TGTStarttime | NV1: TGTFinishtime | NW1: TGTDepthtop | NX1: TGTDepthBottom | NY1: TGTDepthCorrectioncalculated | NZ1: TGTDepthCorrectionApplied | OA1: _3ACSerialNumber | OB1: _3ACSourcenumber | OC1: _3ACSurveyType | OD1: _3ACToolHangup | OE1: _3ACDate | OF1: _3ACOperator | OG1: _3ACLoggingUnit | OH1: _3ACStarttime | OI1: _3ACFinishtime | OJ1: _3ACDepthtop | OK1: _3ACDepthBottom | OL1: _3ACDepthCorrectioncalculated | OM1: _3ACDepthCorrectionApplied | ON1: XRFSerialNumber | OO1: XRFSourcenumber | OP1: XRFSurveyType | OQ1: XRFToolHangup | OR1: XRFDate | OS1: XRFOperator | OT1: XRFLoggingUnit | OU1: XRFStarttime | OV1: XRFFinishtime | OW1: XRFDepthtop | OX1: XRFDepthBottom | OY1: XRFDepthCorrectioncalculated | OZ1: XRFDepthCorrectionApplied | PA1: GVGammaSerialNumber | PB1: GVGammaSourcenumber | PC1: GVGammaSurveyType | PD1: GVGammaToolHangup | PE1: GVGammaDate | PF1: GVGammaOperator | PG1: GVGammaLoggingUnit | PH1: GVGammaStarttime | PI1: GVGammaFinishtime | PJ1: GVGammaDepthtop | PK1: GVGammaDepthBottom | PL1: GVGammaDepthCorrectioncalculated | PM1: GVGammaDepthCorrectionApplied | PN1: SpectralGammaSerialNumber | PO1: SpectralGammaSourcenumber | PP1: SpectralGammaSurveyType | PQ1: SpectralGammaToolHangup | PR1: SpectralGammaDate | PS1: SpectralGammaOperator | PT1: SpectralGammaLoggingUnit | PU1: SpectralGammaStarttime | PV1: SpectralGammaFinishtime | PW1: SpectralGammaDepthtop | PX1: SpectralGammaDepthBottom | PY1: SpectralGammaDepthCorrectioncalculated | PZ1: SpectralGammaDepthCorrectionApplied | QA1: IPSerialNumber | QB1: IPSourcenumber | QC1: IPSurveyType | QD1: IPToolHangup | QE1: IPDate | QF1: IPOperator | QG1: IPLoggingUnit | QH1: IPStarttime | QI1: IPFinishtime | QJ1: IPDepthtop | QK1: IPDepthBottom | QL1: IPDepthCorrectioncalculated | QM1: IPDepthCorrectionApplied | QN1: IRDSerialNumber | QO1: IRDSourcenumber | QP1: IRDSurveyType | QQ1: IRDToolHangup | QR1: IRDDate | QS1: IRDOperator | QT1: IRDLoggingUnit | QU1: IRDStarttime | QV1: IRDFinishtime | QW1: IRDDepthtop | QX1: IRDDepthBottom | QY1: IRDDepthCorrectioncalculated | QZ1: IRDDepthCorrectionApplied | RA1: NMRSerialNumber | RB1: NMRSourcenumber | RC1: NMRSurveyType | RD1: NMRToolHangup | RE1: NMRDate | RF1: NMROperator | RG1: NMRLoggingUnit | RH1: NMRStarttime | RI1: NMRFinishtime | RJ1: NMRDepthtop | RK1: NMRDepthBottom | RL1: NMRDepthCorrectioncalculated | RM1: NMRDepthCorrectionApplied | RN1: FLOWSerialNumber | RO1: FLOWSourcenumber | RP1: FLOWSurveyType | RQ1: FLOWToolHangup | RR1: FLOWDate | RS1: FLOWOperator | RT1: FLOWLoggingUnit | RU1: FLOWStarttime | RV1: FLOWFinishtime | RW1: FLOWDepthtop | RX1: FLOWDepthBottom | RY1: FLOWDepthCorrectioncalculated | RZ1: FLOWDepthCorrectionApplied | SA1: DHEMSerialNumber | SB1: DHEMSourcenumber | SC1: DHEMSurveyType | SD1: DHEMToolHangup | SE1: DHEMDate | SF1: DHEMOperator | SG1: DHEMLoggingUnit | SH1: DHEMStarttime | SI1: DHEMFinishtime | SJ1: DHEMDepthtop | SK1: DHEMDepthBottom | SL1: DHEMDepthCorrectioncalculated | SM1: DHEMDepthCorrectionApplied | SN1: TDEVSerialNumber | SO1: TDEVSourcenumber | SP1: TDEVSurveyType | SQ1: TDEVToolHangup | SR1: TDEVDate | SS1: TDEVOperator | ST1: TDEVLoggingUnit | SU1: TDEVStarttime | SV1: TDEVFinishtime | SW1: TDEVDepthtop | SX1: TDEVDepthBottom | SY1: TDEVDepthCorrectioncalculated | SZ1: TDEVDepthCorrectionApplied | TA1: DPC_Project | TB1: M_Easting | TC1: M_Northing | TD1: GridZone | TE1: DummySerialNumber | TF1: DummySurveyType | TG1: DummyToolHangup | TH1: DummyDate | TI1: DummyOperator | TJ1: DummyLoggingUnit | TK1: DummyStarttime | TL1: DummyFinishtime | TM1: DummyDepthtop | TN1: DummyDepthBottom | TO1: DGPSSerialNumber | TP1: DGPSSurveyType | TQ1: DGPSDate | TR1: DGPSOperator | TS1: DGPSLoggingUnit | TT1: DGPSStarttime | TU1: DGPSFinishtime | TV1: Cal1_CPS_lo | TW1: Cal1_CPS_hi | TX1: Cal2_CPS_lo | TY1: Cal2_CPS_hi | TZ1: Cal3_CPS_lo | UA1: Cal3_CPS_hi | UB1: Cal4_CPS_lo | UC1: Cal4_CPS_hi | UD1: Encoder
A2: ='Cover Sheet'!D11 -> RC26VIV0007 | B2: ='Cover Sheet'!D12 -> 12946 | C2: ='Cover Sheet'!D4 -> RIO TINTO IRON ORE | D2: ='Cover Sheet'!D13 -> VIV | E2: ='Cover Sheet'!D14 -> VIV | F2: ='Cover Sheet'!D15 -> WESTERN AUSTRALIA | G2: ='Cover Sheet'!D16 -> AUSTRALIA | H2: ='Cover Sheet'!J4 -> P5042 | I2: ='Cover Sheet'!G34 -> 46102 | J2: =IF(DV2="",DU2,DV2) -> 2107 | K2: =IF(DS2="",DR2,DS2) -> TJJ | L2: ='Cover Sheet'!J6 -> Yes | M2: ='Cover Sheet'!D7 -> 0 | N2: ='Cover Sheet'!D20 -> 14 | O2: ='Cover Sheet'!D21 -> 36 | P2: ='Cover Sheet'!D22 -> 35.4 | Q2: ='Cover Sheet'!D25 -> 0 | R2: ='Cover Sheet'!D23 -> 0 | S2: ='Cover Sheet'!D24 -> 0 | T2: =IF('Cover Sheet'!J17="","",'Cover Sheet'!J17) | U2: =IF('Cover Sheet'!J16="","",'Cover Sheet'!J16) | V2: =IF('Cover Sheet'!J18="","",'Cover Sheet'!J18) | W2: =IF('Cover Sheet'!J19="","",'Cover Sheet'!J19) | X2: =IF('Cover Sheet'!J20="","",'Cover Sheet'!J20) | Y2: ='Cover Sheet'!J21 -> G.L. | Z2: ='Cover Sheet'!J22 -> G.L. | AA2: ='Cover Sheet'!J23 -> 0 | AB2: ='Cover Sheet'!J12 -> -90 | AC2: ='Cover Sheet'!J13 -> 0 | AD2: ='Cover Sheet'!S22 -> DRY | AE2: ='Cover Sheet'!S15 -> 0 | AF2: ='Cover Sheet'!U15 -> 0 | AG2: ='Cover Sheet'!S11 -> 0 | AH2: ='Cover Sheet'!D17 -> 0 | AI2: ='Cover Sheet'!J11 -> 0.82 | AJ2: ='Cover Sheet'!S28 -> 0 | AK2: ='Cover Sheet'!U28 -> 0 | AL2: ='Cover Sheet'!S25 -> 0 | AM2: ='Cover Sheet'!U25 -> 0 | AN2: =IF('Cover Sheet'!B58="","",'Cover Sheet'!B58) | AO2: =IF('Cover Sheet'!B59="","",'Cover Sheet'!B59) | AP2: =IF('Cover Sheet'!B60="","",'Cover Sheet'!B60) | AQ2: =IF('Cover Sheet'!B61="","",'Cover Sheet'!B61) | AR2: =IF('Cover Sheet'!B62="","",'Cover Sheet'!B62) | AS2: =IF('Cover Sheet'!B63="","",'Cover Sheet'!B63) | AT2: =IF('Cover Sheet'!E64="","",'Cover Sheet'!E64) -> Moderate - 50% | AU2: =IF('Cover Sheet'!E65="","",'Cover Sheet'!E65) -> Visible - Borehole Visible | AV2: =IF('Cover Sheet'!S12="",1,'Cover Sheet'!S12) -> 1 | AW2: ='Cover Sheet'!S13 -> 0 | AX2: ='Cover Sheet'!S15 -> 0 | AY2: ='Cover Sheet'!S16 -> 0 | AZ2: ='Cover Sheet'!S17 -> 0 | BA2: =IF('Cover Sheet'!S21="","N/A",'Cover Sheet'!S21) -> N/A | BB2: =IF('Cover Sheet'!S19="","N/A",IF('Cover Sheet'!S19="N/A","N/A",'Cover Sheet'!S19+'Cover Sheet'!U19)) -> N/A | BC2: ='Cover Sheet'!S20 -> 0 | BD2: =IF('Cover Sheet'!J18="","",'Cover Sheet'!J18) | BE2: =IF('Cover Sheet'!J19="","",'Cover Sheet'!J19) | BF2: =IF('Cover Sheet'!J20="","",'Cover Sheet'!J20) | BG2: ='Cover Sheet'!J21 -> G.L. | BH2: ='Cover Sheet'!J22 -> G.L. | BJ2: =IF(MIN(HJ2,HW2,IJ2,IW2,JJ2,JW2,KJ2,KW2,MJ2,NW2,OJ2,OW2,PJ2,PW2,QJ2,QW2,RJ2)<0,0,MIN(HJ2,HW2,IJ2,IW2,JJ2,JW2,KJ2,KW2,MJ2,NW2,OJ2,OW2,PJ2,PW2,QJ2,QW2,RJ2)) -> 0 | BK2: =MAX(HX2,IK2,IX2,JK2,JX2,KK2,KX2,OK2,OX2,PK2,PX2,QK2,RK2) -> 35.4 | BL2: =MAX(HK2,HX2,IK2,IX2,JK2,JX2,KK2,KX2,MK2,MX2,NK2,NX2,OK2,OX2,PK2,PX2,QK2,QX2,RK2) -> 35.4 | BM2: =MAX(HE2,HR2,IE2,IR2,JE2,JR2,KE2,KR2,ME2,MR2,NE2,NR2,OE2,OR2,PE2,PR2,QE2,QR2,RE2) -> 46102 | BN2: ='Cover Sheet'!Y13 -> 0 | BO2: ='Cover Sheet'!AA13 -> 0 | BP2: ='Cover Sheet'!Y14 -> 0 | BQ2: ='Cover Sheet'!AA14 -> 0 | BR2: ='Cover Sheet'!Y15 -> 0 | BS2: ='Cover Sheet'!AA15 -> 0 | BT2: ='Cover Sheet'!Y16 -> 0 | BU2: ='Cover Sheet'!AA16 -> 0 | BV2: ='Cover Sheet'!Y17 -> 0 | BW2: ='Cover Sheet'!AA17 -> 0 | BX2: ='Cover Sheet'!Y18 -> 0 | BY2: ='Cover Sheet'!AA18 -> 0 | BZ2: ='Cover Sheet'!Y19 -> 0 | CA2: ='Cover Sheet'!AA19 -> 0 | CB2: ='Cover Sheet'!Y20 -> 0 | CC2: ='Cover Sheet'!AA20 -> 0 | CD2: ='Cover Sheet'!Y21 -> 0 | CE2: ='Cover Sheet'!AA21 -> 0 | CF2: ='Cover Sheet'!Y22 -> 0 | CG2: ='Cover Sheet'!AA22 -> 0 | CH2: ='Cover Sheet'!Y23 -> 0 | CI2: ='Cover Sheet'!AA23 -> 0 | CJ2: ='Cover Sheet'!Y24 -> 0 | CK2: ='Cover Sheet'!AA24 -> 0 | CL2: ='Cover Sheet'!Y25 -> 0 | CM2: ='Cover Sheet'!AA25 -> 0 | CN2: ='Cover Sheet'!Y26 -> 0 | CO2: ='Cover Sheet'!AA26 -> 0 | CP2: ='Cover Sheet'!Y27 -> 0 | CQ2: ='Cover Sheet'!AA27 -> 0 | CR2: =IF('Cover Sheet'!J24="","N/A",'Cover Sheet'!J24) -> N/A | CS2: =IF('Cover Sheet'!J25="","N/A",'Cover Sheet'!J25) -> N/A | CT2: =IF('Cover Sheet'!J24="","",'Cover Sheet'!J24) | CU2: =IF('Cover Sheet'!J25="","",'Cover Sheet'!J25) | CV2: =IF('Cover Sheet'!S12="",1,'Cover Sheet'!S12) -> 1 | CY2: ='Cover Sheet'!D28 -> PVC | CZ2: =IF('Cover Sheet'!D25="","",IF('Cover Sheet'!D26="","",('Cover Sheet'!D25-'Cover Sheet'!D26)/2)) | DA2: ='Cover Sheet'!D29 -> 0 | DB2: =IF('Cover Sheet'!J14="","",'Cover Sheet'!J14) -> GDA94 | DC2: =IF(COUNTIF('Cover Sheet'!AS5:AS58,C2), VLOOKUP(C2,'Cover Sheet'!AS5:AT57,2,FALSE),"EnterClient") -> EnterClient | DD2: =IF('Cover Sheet'!B67="","",'Cover Sheet'!B67) | DE2: =IF('Cover Sheet'!B68="","",'Cover Sheet'!B68) | DF2: =IF('Cover Sheet'!B69="","",'Cover Sheet'!B69) | DG2: =IF('Cover Sheet'!D5="","",'Cover Sheet'!D5) -> BROCKMAN | DI2: ='Cover Sheet'!J27 -> No | DJ2: ='Cover Sheet'!J28 -> Yes | DK2: ='Cover Sheet'!B2 -> WSG | DL2: =IF('Cover Sheet'!J8="","",'Cover Sheet'!J8) -> Good - clean stable surface | DN2: ='Cover Sheet'!B2 -> WSG | DO2: ='Cover Sheet'!B2 -> WSG | DP2: ='Cover Sheet'!B2 -> WSG | DQ2: =IF(MF2="",IF(NF2="",MS2,NF2),MF2) | DR2: =IF(DQ2="",IF(HF2="",IF(PF2="",NS2,PF2),HF2),DQ2) | DS2: =IF(KS2="",IF(IF2="",IF(IS2="",HS2,IS2),IF2),KS2) -> TJJ | DT2: =IF(MG2="",IF(MT2="",NG2,MT2),MG2) | DU2: =IF(DT2="",IF(HG2="",IF(PG2="",NT2,PG2),HG2),DT2) | DV2: =IF(KT2="",IF(IG2="",IF(IT2="",HT2,IT2),IG2),KT2) -> 2107 | DW2: =IF(NX2="",IF(MK2="",IF(HK2="",PK2,HK2),MK2),NX2) | DX2: =IF('Cover Sheet'!S22="","",IF('Cover Sheet'!S22='Cover Sheet'!D22,"N/A",'Cover Sheet'!S22)) -> DRY | DY2: =IF(ME2="",MR2,ME2) | DZ2: =IF(DY2="",HE2,DY2) | EA2: ='Cover Sheet'!H48 -> 0 | EB2: ='Cover Sheet'!H49 -> 0 | EC2: ='Cover Sheet'!E48 -> 0 | ED2: ='Cover Sheet'!F48 -> 0 | EE2: ='Cover Sheet'!E49 -> 0 | EF2: ='Cover Sheet'!C53 -> 0 | EG2: ='Cover Sheet'!D53 -> 0 | EH2: ='Cover Sheet'!E53 -> 0 | EI2: ='Cover Sheet'!F53 -> 0 | EJ2: ='Cover Sheet'!G53 -> 0 | EK2: ='Cover Sheet'!H53 -> 0 | EL2: ='Cover Sheet'!I53 -> 0 | EM2: ='Cover Sheet'!J53 -> 0 | ... EO2: ='Cover Sheet'!L53 -> #DIV/0! | EP2: =IF('Cover Sheet'!S10="","",'Cover Sheet'!S10) | EQ2: ='Cover Sheet'!#REF! -> #REF! | ER2: ='Cover Sheet'!C54 -> 0 | ES2: ='Cover Sheet'!D54 -> 0 | ET2: ='Cover Sheet'!E54 -> 0 | EU2: ='Cover Sheet'!F54 -> 0 | EV2: ='Cover Sheet'!G54 -> 0 | EW2: ='Cover Sheet'!H54 -> 0 | EX2: ='Cover Sheet'!I54 -> 0 | EY2: ='Cover Sheet'!J54 -> 0 | ... FA2: ='Cover Sheet'!L54 -> #DIV/0! | FB2: =IF('Cover Sheet'!J21="G.L.","GROUND LEVEL",IF('Cover Sheet'!J21="D.F.","DRILL FLOOR","KELLY BUSHING")) -> GROUND LEVEL | FC2: =IF('Cover Sheet'!J22="G.L.","GROUND LEVEL",IF('Cover Sheet'!J22="D.F.","DRILL FLOOR","KELLY BUSHING")) -> GROUND LEVEL | FD2: ='Cover Sheet'!S48 -> 0 | FE2: ='Cover Sheet'!U48 -> 0 | FF2: ='Cover Sheet'!W48 -> #DIV/0! | FG2: ='Cover Sheet'!Y48 -> #DIV/0! | FH2: ='Cover Sheet'!AA48 -> 0 | FI2: =IF(LG2="-",LT2,LG2) | FJ2: =IF(LF2="",LS2,LF2) -> TJJ | FK2: ='Cover Sheet'!S53 -> 0 | FL2: ='Cover Sheet'!U53 -> 0 | FM2: ='Cover Sheet'!W53 -> 0 | FN2: ='Cover Sheet'!Y53 -> 0 | FO2: ='Cover Sheet'!AA53 -> 0 | FP2: ='Cover Sheet'!Q59 -> 46092 | FQ2: ='Cover Sheet'!S59 -> 9239 | FR2: ='Cover Sheet'!U59 -> 2766 | FS2: ='Cover Sheet'!W59 -> H003/21 | FT2: ='Cover Sheet'!Y59 -> 2107 | FU2: ='Cover Sheet'!AA59 -> DD25BS30011 | FV2: ='Cover Sheet'!Q60 -> 46092 | FW2: ='Cover Sheet'!S60 -> 9622 | FX2: ='Cover Sheet'!U60 -> 4364 | FY2: ='Cover Sheet'!W60 -> - | FZ2: ='Cover Sheet'!Y60 -> 2107 | GA2: ='Cover Sheet'!AA60 -> DD25BS30011 | GB2: ='Cover Sheet'!Q61 -> 46092 | GC2: ='Cover Sheet'!S61 -> Dummy | GD2: ='Cover Sheet'!U61 -> 0 | GE2: ='Cover Sheet'!W61 -> - | GF2: ='Cover Sheet'!#REF! -> #REF! | GG2: ='Cover Sheet'!AA61 -> DD25BS30011 | GH2: ='Cover Sheet'!Q62 -> 46092 | GI2: ='Cover Sheet'!S62 -> OBI | GJ2: ='Cover Sheet'!U62 -> 1118 | GK2: ='Cover Sheet'!W62 -> - | GL2: ='Cover Sheet'!Y62 -> 2107 | GM2: ='Cover Sheet'!AA62 -> DD25BS30011 | GV2: =VLOOKUP("9012InRod",'Cover Sheet'!$S$59:$V$70,3,FALSE) -> 4521 | GW2: =VLOOKUP("OBI",'Cover Sheet'!$S$59:$V$70,3,FALSE) -> 1118 | GX2: =VLOOKUP("ABI",'Cover Sheet'!$S$59:$V$70,3,FALSE) -> 1015 | GY2: =VLOOKUP("9098-Gyro",'Cover Sheet'!$S$59:$V$70,3,FALSE) -> #N/A | GZ2: =VLOOKUP("TGT",'Cover Sheet'!$S$59:$V$70,3,FALSE) -> #N/A | HA2: =IF(ISNUMBER(VLOOKUP("GVGamma",'Cover Sheet'!$B$34:$AA$44,13,0)),(VLOOKUP("GVGamma",'Cover Sheet'!$B$34:$AA$44,2,0)),IF(ISNUMBER(VLOOKUP("9012InRod",'Cover Sheet'!$B$34:$AA$44,13,0)),(VLOOKUP("9012InRod",'Cover Sheet'!$B$34:$AA$44,2,0)),"")) | HB2: =IF(ISNUMBER(VLOOKUP("GVGamma",'Cover Sheet'!$B$34:$AA$44,13,0)),(VLOOKUP("GVGamma",'Cover Sheet'!$B$34:$AA$44,3,0)),IF(ISNUMBER(VLOOKUP("9012InRod",'Cover Sheet'!$B$34:$AA$44,13,0)),(VLOOKUP("9012InRod",'Cover Sheet'!$B$34:$AA$44,3,0)),"")) | HC2: =IF(ISNUMBER(VLOOKUP("GVGamma",'Cover Sheet'!$B$34:$AA$44,13,0)),(VLOOKUP("GVGamma",'Cover Sheet'!$B$34:$AA$44,4,0)),IF(ISNUMBER(VLOOKUP("9012InRod",'Cover Sheet'!$B$34:$AA$44,13,0)),(VLOOKUP("9012InRod",'Cover Sheet'!$B$34:$AA$44,4,0)),"")) | HD2: =IF(ISNUMBER(VLOOKUP("GVGamma",'Cover Sheet'!$B$34:$AA$44,13,0)),(VLOOKUP("GVGamma",'Cover Sheet'!$B$34:$AA$44,5,0)),IF(ISNUMBER(VLOOKUP("9012InRod",'Cover Sheet'!$B$34:$AA$44,13,0)),(VLOOKUP("9012InRod",'Cover Sheet'!$B$34:$AA$44,5,0)),"")) | HE2: =IF(ISNUMBER(VLOOKUP("GVGamma",'Cover Sheet'!$B$34:$AA$44,13,0)),(VLOOKUP("GVGamma",'Cover Sheet'!$B$34:$AA$44,6,0)),IF(ISNUMBER(VLOOKUP("9012InRod",'Cover Sheet'!$B$34:$AA$44,13,0)),(VLOOKUP("9012InRod",'Cover Sheet'!$B$34:$AA$44,6,0)),"")) | HF2: =IF(ISNUMBER(VLOOKUP("GVGamma",'Cover Sheet'!$B$34:$AA$44,13,0)),(VLOOKUP("GVGamma",'Cover Sheet'!$B$34:$AA$44,7,0)),IF(ISNUMBER(VLOOKUP("9012InRod",'Cover Sheet'!$B$34:$AA$44,13,0)),(VLOOKUP("9012InRod",'Cover Sheet'!$B$34:$AA$44,7,0)),"")) | HG2: =IF(ISNUMBER(VLOOKUP("GVGamma",'Cover Sheet'!$B$34:$AA$44,13,0)),(VLOOKUP("GVGamma",'Cover Sheet'!$B$34:$AA$44,8,0)),IF(ISNUMBER(VLOOKUP("9012InRod",'Cover Sheet'!$B$34:$AA$44,13,0)),(VLOOKUP("9012InRod",'Cover Sheet'!$B$34:$AA$44,8,0)),"")) | HH2: =IF(ISNUMBER(VLOOKUP("GVGamma",'Cover Sheet'!$B$34:$AA$44,13,0)),(VLOOKUP("GVGamma",'Cover Sheet'!$B$34:$AA$44,9,0)),IF(ISNUMBER(VLOOKUP("9012InRod",'Cover Sheet'!$B$34:$AA$44,13,0)),(VLOOKUP("9012InRod",'Cover Sheet'!$B$34:$AA$44,9,0)),"")) | HI2: =IF(ISNUMBER(VLOOKUP("GVGamma",'Cover Sheet'!$B$34:$AA$44,13,0)),(VLOOKUP("GVGamma",'Cover Sheet'!$B$34:$AA$44,10,0)),IF(ISNUMBER(VLOOKUP("9012InRod",'Cover Sheet'!$B$34:$AA$44,13,0)),(VLOOKUP("9012InRod",'Cover Sheet'!$B$34:$AA$44,10,0)),"")) | HJ2: =IF(ISNUMBER(VLOOKUP("GVGamma",'Cover Sheet'!$B$34:$AA$44,13,0)),(VLOOKUP("GVGamma",'Cover Sheet'!$B$34:$AA$44,11,0)),IF(ISNUMBER(VLOOKUP("9012InRod",'Cover Sheet'!$B$34:$AA$44,13,0)),(VLOOKUP("9012InRod",'Cover Sheet'!$B$34:$AA$44,11,0)),"")) | HK2: =IF(ISNUMBER(VLOOKUP("GVGamma",'Cover Sheet'!$B$34:$AA$44,13,0)),(VLOOKUP("GVGamma",'Cover Sheet'!$B$34:$AA$44,13,0)),IF(ISNUMBER(VLOOKUP("9012InRod",'Cover Sheet'!$B$34:$AA$44,13,0)),(VLOOKUP("9012InRod",'Cover Sheet'!$B$34:$AA$44,13,0)),"")) | HL2: =IF(ISNUMBER(VLOOKUP("GVGamma",'Cover Sheet'!$B$34:$AA$44,13,0)),(VLOOKUP("GVGamma",'Cover Sheet'!$B$34:$AA$44,24,0)),IF(ISNUMBER(VLOOKUP("9012InRod",'Cover Sheet'!$B$34:$AA$44,13,0)),(VLOOKUP("9012InRod",'Cover Sheet'!$B$34:$AA$44,24,0)),"")) | HN2: =IF(ISNUMBER(VLOOKUP(9057,'Cover Sheet'!$B$34:$AA$44,13,0)),(VLOOKUP(9057,'Cover Sheet'!$B$34:$AA$44,2,0)),"") | HO2: =IF(ISNUMBER(VLOOKUP(9057,'Cover Sheet'!$B$34:$AA$44,13,0)),(VLOOKUP(9057,'Cover Sheet'!$B$34:$AA$44,3,0)),"") | HP2: =IF(ISNUMBER(VLOOKUP(9057,'Cover Sheet'!$B$34:$AA$44,13,0)),(VLOOKUP(9057,'Cover Sheet'!$B$34:$AA$44,4,0)),"") | HQ2: =IF(ISNUMBER(VLOOKUP(9057,'Cover Sheet'!$B$34:$AA$44,13,0)),(VLOOKUP(9057,'Cover Sheet'!$B$34:$AA$44,5,0)),"") | HR2: =IF(ISNUMBER(VLOOKUP(9057,'Cover Sheet'!$B$34:$AA$44,13,0)),(VLOOKUP(9057,'Cover Sheet'!$B$34:$AA$44,6,0)),"") | HS2: =IF(ISNUMBER(VLOOKUP(9057,'Cover Sheet'!$B$34:$AA$44,13,0)),(VLOOKUP(9057,'Cover Sheet'!$B$34:$AA$44,7,0)),"") | HT2: =IF(ISNUMBER(VLOOKUP(9057,'Cover Sheet'!$B$34:$AA$44,13,0)),(VLOOKUP(9057,'Cover Sheet'!$B$34:$AA$44,8,0)),"") | HU2: =IF(ISNUMBER(VLOOKUP(9057,'Cover Sheet'!$B$34:$AA$44,13,0)),(VLOOKUP(9057,'Cover Sheet'!$B$34:$AA$44,9,0)),"") | HV2: =IF(ISNUMBER(VLOOKUP(9057,'Cover Sheet'!$B$34:$AA$44,13,0)),(VLOOKUP(9057,'Cover Sheet'!$B$34:$AA$44,10,0)),"") | HW2: =IF(ISNUMBER(VLOOKUP(9057,'Cover Sheet'!$B$34:$AA$44,13,0)),(VLOOKUP(9057,'Cover Sheet'!$B$34:$AA$44,11,0)),"") | HX2: =IF(ISNUMBER(VLOOKUP(9057,'Cover Sheet'!$B$34:$AA$44,13,0)),(VLOOKUP(9057,'Cover Sheet'!$B$34:$AA$44,13,0)),"") | HY2: =IF(ISNUMBER(VLOOKUP(9057,'Cover Sheet'!$B$34:$AA$44,13,0)),(VLOOKUP(9057,'Cover Sheet'!$B$34:$AA$44,24,0)),"") | IA2: =IF(ISNUMBER(VLOOKUP(9238,'Cover Sheet'!$B$34:$AA$44,13,0)),(VLOOKUP(9238,'Cover Sheet'!$B$34:$AA$44,2,0)),"") | IB2: =IF(ISNUMBER(VLOOKUP(9238,'Cover Sheet'!$B$34:$AA$44,13,0)),(VLOOKUP(9238,'Cover Sheet'!$B$34:$AA$44,3,0)),"") | IC2: =IF(ISNUMBER(VLOOKUP(9238,'Cover Sheet'!$B$34:$AA$44,13,0)),(VLOOKUP(9238,'Cover Sheet'!$B$34:$AA$44,4,0)),"") | ID2: =IF(ISNUMBER(VLOOKUP(9238,'Cover Sheet'!$B$34:$AA$44,13,0)),(VLOOKUP(9238,'Cover Sheet'!$B$34:$AA$44,5,0)),"") | IE2: =IF(ISNUMBER(VLOOKUP(9238,'Cover Sheet'!$B$34:$AA$44,13,0)),(VLOOKUP(9238,'Cover Sheet'!$B$34:$AA$44,6,0)),"") | IF2: =IF(ISNUMBER(VLOOKUP(9238,'Cover Sheet'!$B$34:$AA$44,13,0)),(VLOOKUP(9238,'Cover Sheet'!$B$34:$AA$44,7,0)),"") | IG2: =IF(ISNUMBER(VLOOKUP(9238,'Cover Sheet'!$B$34:$AA$44,13,0)),(VLOOKUP(9238,'Cover Sheet'!$B$34:$AA$44,8,0)),"") | IH2: =IF(ISNUMBER(VLOOKUP(9238,'Cover Sheet'!$B$34:$AA$44,13,0)),(VLOOKUP(9238,'Cover Sheet'!$B$34:$AA$44,9,0)),"") | II2: =IF(ISNUMBER(VLOOKUP(9238,'Cover Sheet'!$B$34:$AA$44,13,0)),(VLOOKUP(9238,'Cover Sheet'!$B$34:$AA$44,10,0)),"") | IJ2: =IF(ISNUMBER(VLOOKUP(9238,'Cover Sheet'!$B$34:$AA$44,13,0)),(VLOOKUP(9238,'Cover Sheet'!$B$34:$AA$44,11,0)),"") | IK2: =IF(ISNUMBER(VLOOKUP(9238,'Cover Sheet'!$B$34:$AA$44,13,0)),(VLOOKUP(9238,'Cover Sheet'!$B$34:$AA$44,13,0)),"") | IL2: =IF(ISNUMBER(VLOOKUP(9238,'Cover Sheet'!$B$34:$AA$44,13,0)),(VLOOKUP(9238,'Cover Sheet'!$B$34:$AA$44,24,0)),"") | IM2: 0 | IN2: =IF(ISNUMBER(VLOOKUP(9239,'Cover Sheet'!$B$34:$AA$44,13,0)),(VLOOKUP(9239,'Cover Sheet'!$B$34:$AA$44,2,0)),"") -> 2766 | IO2: =IF(ISNUMBER(VLOOKUP(9239,'Cover Sheet'!$B$34:$AA$44,13,0)),(VLOOKUP(9239,'Cover Sheet'!$B$34:$AA$44,3,0)),"") -> H003/21 | IP2: =IF(ISNUMBER(VLOOKUP(9239,'Cover Sheet'!$B$34:$AA$44,13,0)),(VLOOKUP(9239,'Cover Sheet'!$B$34:$AA$44,4,0)),"") -> Open Hole | IQ2: =IF(ISNUMBER(VLOOKUP(9239,'Cover Sheet'!$B$34:$AA$44,13,0)),(VLOOKUP(9239,'Cover Sheet'!$B$34:$AA$44,5,0)),"") -> N | IR2: =IF(ISNUMBER(VLOOKUP(9239,'Cover Sheet'!$B$34:$AA$44,13,0)),(VLOOKUP(9239,'Cover Sheet'!$B$34:$AA$44,6,0)),"") -> 46102 | IS2: =IF(ISNUMBER(VLOOKUP(9239,'Cover Sheet'!$B$34:$AA$44,13,0)),(VLOOKUP(9239,'Cover Sheet'!$B$34:$AA$44,7,0)),"") -> TJJ | IT2: =IF(ISNUMBER(VLOOKUP(9239,'Cover Sheet'!$B$34:$AA$44,13,0)),(VLOOKUP(9239,'Cover Sheet'!$B$34:$AA$44,8,0)),"") -> 2107 | IU2: =IF(ISNUMBER(VLOOKUP(9239,'Cover Sheet'!$B$34:$AA$44,13,0)),(VLOOKUP(9239,'Cover Sheet'!$B$34:$AA$44,9,0)),"") -> 0.47916667 | IV2: =IF(ISNUMBER(VLOOKUP(9239,'Cover Sheet'!$B$34:$AA$44,13,0)),(VLOOKUP(9239,'Cover Sheet'!$B$34:$AA$44,10,0)),"") -> 0.5 | IW2: =IF(ISNUMBER(VLOOKUP(9239,'Cover Sheet'!$B$34:$AA$44,13,0)),(VLOOKUP(9239,'Cover Sheet'!$B$34:$AA$44,11,0)),"") -> 0 | IX2: =IF(ISNUMBER(VLOOKUP(9239,'Cover Sheet'!$B$34:$AA$44,13,0)),(VLOOKUP(9239,'Cover Sheet'!$B$34:$AA$44,13,0)),"") -> 34.4 | IY2: =IF(ISNUMBER(VLOOKUP(9239,'Cover Sheet'!$B$34:$AA$44,13,0)),(VLOOKUP(9239,'Cover Sheet'!$B$34:$AA$44,24,0)),"") -> 0 | IZ2: 0 | JA2: =IF(ISNUMBER(VLOOKUP(9321,'Cover Sheet'!$B$34:$AA$44,13,0)),(VLOOKUP(9321,'Cover Sheet'!$B$34:$AA$44,2,0)),"") | JB2: =IF(ISNUMBER(VLOOKUP(9321,'Cover Sheet'!$B$34:$AA$44,13,0)),(VLOOKUP(9321,'Cover Sheet'!$B$34:$AA$44,3,0)),"") | JC2: =IF(ISNUMBER(VLOOKUP(9321,'Cover Sheet'!$B$34:$AA$44,13,0)),(VLOOKUP(9321,'Cover Sheet'!$B$34:$AA$44,4,0)),"") | JD2: =IF(ISNUMBER(VLOOKUP(9321,'Cover Sheet'!$B$34:$AA$44,13,0)),(VLOOKUP(9321,'Cover Sheet'!$B$34:$AA$44,5,0)),"") | JE2: =IF(ISNUMBER(VLOOKUP(9321,'Cover Sheet'!$B$34:$AA$44,13,0)),(VLOOKUP(9321,'Cover Sheet'!$B$34:$AA$44,6,0)),"") | JF2: =IF(ISNUMBER(VLOOKUP(9321,'Cover Sheet'!$B$34:$AA$44,13,0)),(VLOOKUP(9321,'Cover Sheet'!$B$34:$AA$44,7,0)),"") | JG2: =IF(ISNUMBER(VLOOKUP(9321,'Cover Sheet'!$B$34:$AA$44,13,0)),(VLOOKUP(9321,'Cover Sheet'!$B$34:$AA$44,8,0)),"") | JH2: =IF(ISNUMBER(VLOOKUP(9321,'Cover Sheet'!$B$34:$AA$44,13,0)),(VLOOKUP(9321,'Cover Sheet'!$B$34:$AA$44,9,0)),"") | JI2: =IF(ISNUMBER(VLOOKUP(9321,'Cover Sheet'!$B$34:$AA$44,13,0)),(VLOOKUP(9321,'Cover Sheet'!$B$34:$AA$44,10,0)),"") | JJ2: =IF(ISNUMBER(VLOOKUP(9321,'Cover Sheet'!$B$34:$AA$44,13,0)),(VLOOKUP(9321,'Cover Sheet'!$B$34:$AA$44,11,0)),"") | JK2: =IF(ISNUMBER(VLOOKUP(9321,'Cover Sheet'!$B$34:$AA$44,13,0)),(VLOOKUP(9321,'Cover Sheet'!$B$34:$AA$44,13,0)),"") | JL2: =IF(ISNUMBER(VLOOKUP(9321,'Cover Sheet'!$B$34:$AA$44,13,0)),(VLOOKUP(9321,'Cover Sheet'!$B$34:$AA$44,24,0)),"") | JN2: =IF(ISNUMBER(VLOOKUP("MCST",'Cover Sheet'!$B$34:$AA$44,13,0)),(VLOOKUP("MCST",'Cover Sheet'!$B$34:$AA$44,2,0)),"") | JO2: =IF(ISNUMBER(VLOOKUP("MCST",'Cover Sheet'!$B$34:$AA$44,13,0)),(VLOOKUP("MCST",'Cover Sheet'!$B$34:$AA$44,3,0)),"") | JP2: =IF(ISNUMBER(VLOOKUP("MCST",'Cover Sheet'!$B$34:$AA$44,13,0)),(VLOOKUP("MCST",'Cover Sheet'!$B$34:$AA$44,4,0)),"") | JQ2: =IF(ISNUMBER(VLOOKUP("MCST",'Cover Sheet'!$B$34:$AA$44,13,0)),(VLOOKUP("MCST",'Cover Sheet'!$B$34:$AA$44,5,0)),"") | JR2: =IF(ISNUMBER(VLOOKUP("MCST",'Cover Sheet'!$B$34:$AA$44,13,0)),(VLOOKUP("MCST",'Cover Sheet'!$B$34:$AA$44,6,0)),"") | JS2: =IF(ISNUMBER(VLOOKUP("MCST",'Cover Sheet'!$B$34:$AA$44,13,0)),(VLOOKUP("MCST",'Cover Sheet'!$B$34:$AA$44,7,0)),"") | JT2: =IF(ISNUMBER(VLOOKUP("MCST",'Cover Sheet'!$B$34:$AA$44,13,0)),(VLOOKUP("MCST",'Cover Sheet'!$B$34:$AA$44,8,0)),"") | JU2: =IF(ISNUMBER(VLOOKUP("MCST",'Cover Sheet'!$B$34:$AA$44,13,0)),(VLOOKUP("MCST",'Cover Sheet'!$B$34:$AA$44,9,0)),"") | JV2: =IF(ISNUMBER(VLOOKUP("MCST",'Cover Sheet'!$B$34:$AA$44,13,0)),(VLOOKUP("MCST",'Cover Sheet'!$B$34:$AA$44,10,0)),"") | JW2: =IF(ISNUMBER(VLOOKUP("MCST",'Cover Sheet'!$B$34:$AA$44,13,0)),(VLOOKUP("MCST",'Cover Sheet'!$B$34:$AA$44,11,0)),"") | JX2: =IF(ISNUMBER(VLOOKUP("MCST",'Cover Sheet'!$B$34:$AA$44,13,0)),(VLOOKUP("MCST",'Cover Sheet'!$B$34:$AA$44,13,0)),"") | JY2: =IF(ISNUMBER(VLOOKUP("MCST",'Cover Sheet'!$B$34:$AA$44,13,0)),(VLOOKUP("MCST",'Cover Sheet'!$B$34:$AA$44,24,0)),"") | KA2: =IF(ISNUMBER(VLOOKUP(9510,'Cover Sheet'!$B$34:$AA$44,13,0)),(VLOOKUP(9510,'Cover Sheet'!$B$34:$AA$44,2,0)),"") | KB2: =IF(ISNUMBER(VLOOKUP(9510,'Cover Sheet'!$B$34:$AA$44,13,0)),(VLOOKUP(9510,'Cover Sheet'!$B$34:$AA$44,3,0)),"") | KC2: =IF(ISNUMBER(VLOOKUP(9510,'Cover Sheet'!$B$34:$AA$44,13,0)),(VLOOKUP(9510,'Cover Sheet'!$B$34:$AA$44,4,0)),"") | KD2: =IF(ISNUMBER(VLOOKUP(9510,'Cover Sheet'!$B$34:$AA$44,13,0)),(VLOOKUP(9510,'Cover Sheet'!$B$34:$AA$44,5,0)),"") | KE2: =IF(ISNUMBER(VLOOKUP(9510,'Cover Sheet'!$B$34:$AA$44,13,0)),(VLOOKUP(9510,'Cover Sheet'!$B$34:$AA$44,6,0)),"") | KF2: =IF(ISNUMBER(VLOOKUP(9510,'Cover Sheet'!$B$34:$AA$44,13,0)),(VLOOKUP(9510,'Cover Sheet'!$B$34:$AA$44,7,0)),"") | KG2: =IF(ISNUMBER(VLOOKUP(9510,'Cover Sheet'!$B$34:$AA$44,13,0)),(VLOOKUP(9510,'Cover Sheet'!$B$34:$AA$44,8,0)),"") | KH2: =IF(ISNUMBER(VLOOKUP(9510,'Cover Sheet'!$B$34:$AA$44,13,0)),(VLOOKUP(9510,'Cover Sheet'!$B$34:$AA$44,9,0)),"") | KI2: =IF(ISNUMBER(VLOOKUP(9510,'Cover Sheet'!$B$34:$AA$44,13,0)),(VLOOKUP(9510,'Cover Sheet'!$B$34:$AA$44,10,0)),"") | KJ2: =IF(ISNUMBER(VLOOKUP(9510,'Cover Sheet'!$B$34:$AA$44,13,0)),(VLOOKUP(9510,'Cover Sheet'!$B$34:$AA$44,11,0)),"") | KK2: =IF(ISNUMBER(VLOOKUP(9510,'Cover Sheet'!$B$34:$AA$44,13,0)),(VLOOKUP(9510,'Cover Sheet'!$B$34:$AA$44,13,0)),"") | KL2: =IF(ISNUMBER(VLOOKUP(9510,'Cover Sheet'!$B$34:$AA$44,13,0)),(VLOOKUP(9510,'Cover Sheet'!$B$34:$AA$44,24,0)),"") | KN2: =IF(ISNUMBER(VLOOKUP(9622,'Cover Sheet'!$B$34:$AA$44,13,0)),(VLOOKUP(9622,'Cover Sheet'!$B$34:$AA$44,2,0)),"") -> 4364 | KO2: =IF(ISNUMBER(VLOOKUP(9622,'Cover Sheet'!$B$34:$AA$44,13,0)),(VLOOKUP(9622,'Cover Sheet'!$B$34:$AA$44,3,0)),"") -> - | KP2: =IF(ISNUMBER(VLOOKUP(9622,'Cover Sheet'!$B$34:$AA$44,13,0)),(VLOOKUP(9622,'Cover Sheet'!$B$34:$AA$44,4,0)),"") -> Open Hole | KQ2: =IF(ISNUMBER(VLOOKUP(9622,'Cover Sheet'!$B$34:$AA$44,13,0)),(VLOOKUP(9622,'Cover Sheet'!$B$34:$AA$44,5,0)),"") -> N | KR2: =IF(ISNUMBER(VLOOKUP(9622,'Cover Sheet'!$B$34:$AA$44,13,0)),(VLOOKUP(9622,'Cover Sheet'!$B$34:$AA$44,6,0)),"") -> 46102 | KS2: =IF(ISNUMBER(VLOOKUP(9622,'Cover Sheet'!$B$34:$AA$44,13,0)),(VLOOKUP(9622,'Cover Sheet'!$B$34:$AA$44,7,0)),"") -> TJJ | KT2: =IF(ISNUMBER(VLOOKUP(9622,'Cover Sheet'!$B$34:$AA$44,13,0)),(VLOOKUP(9622,'Cover Sheet'!$B$34:$AA$44,8,0)),"") -> 2107 | KU2: =IF(ISNUMBER(VLOOKUP(9622,'Cover Sheet'!$B$34:$AA$44,13,0)),(VLOOKUP(9622,'Cover Sheet'!$B$34:$AA$44,9,0)),"") -> 0.45833333 | KV2: =IF(ISNUMBER(VLOOKUP(9622,'Cover Sheet'!$B$34:$AA$44,13,0)),(VLOOKUP(9622,'Cover Sheet'!$B$34:$AA$44,10,0)),"") -> 0.47916667 | KW2: =IF(ISNUMBER(VLOOKUP(9622,'Cover Sheet'!$B$34:$AA$44,13,0)),(VLOOKUP(9622,'Cover Sheet'!$B$34:$AA$44,11,0)),"") -> 0 | KX2: =IF(ISNUMBER(VLOOKUP(9622,'Cover Sheet'!$B$34:$AA$44,13,0)),(VLOOKUP(9622,'Cover Sheet'!$B$34:$AA$44,13,0)),"") -> 35.4 | KY2: =IF(ISNUMBER(VLOOKUP(9622,'Cover Sheet'!$B$34:$AA$44,13,0)),(VLOOKUP(9622,'Cover Sheet'!$B$34:$AA$44,24,0)),"") -> 0 | KZ2: 0 | LA2: =IF(ISNUMBER(VLOOKUP("ABI",'Cover Sheet'!$B$34:$AA$44,13,0)),(VLOOKUP("ABI",'Cover Sheet'!$B$34:$AA$44,2,0)),"") | LB2: =IF(ISNUMBER(VLOOKUP("ABI",'Cover Sheet'!$B$34:$AA$44,13,0)),(VLOOKUP("ABI",'Cover Sheet'!$B$34:$AA$44,3,0)),"") | LC2: =IF(ISNUMBER(VLOOKUP("ABI",'Cover Sheet'!$B$34:$AA$44,13,0)),(VLOOKUP("ABI",'Cover Sheet'!$B$34:$AA$44,4,0)),"") | LD2: =IF(ISNUMBER(VLOOKUP("ABI",'Cover Sheet'!$B$34:$AA$44,13,0)),(VLOOKUP("ABI",'Cover Sheet'!$B$34:$AA$44,5,0)),"") | LE2: =IF(ISNUMBER(VLOOKUP("ABI",'Cover Sheet'!$B$34:$AA$44,13,0)),(VLOOKUP("ABI",'Cover Sheet'!$B$34:$AA$44,6,0)),"") | LF2: =IF(ISNUMBER(VLOOKUP("ABI",'Cover Sheet'!$B$34:$AA$44,13,0)),(VLOOKUP("ABI",'Cover Sheet'!$B$34:$AA$44,7,0)),"") | LG2: =IF(ISNUMBER(VLOOKUP("ABI",'Cover Sheet'!$B$34:$AA$44,13,0)),(VLOOKUP("ABI",'Cover Sheet'!$B$34:$AA$44,8,0)),"") | LH2: =IF(ISNUMBER(VLOOKUP("ABI",'Cover Sheet'!$B$34:$AA$44,13,0)),(VLOOKUP("ABI",'Cover Sheet'!$B$34:$AA$44,9,0)),"") | LI2: =IF(ISNUMBER(VLOOKUP("ABI",'Cover Sheet'!$B$34:$AA$44,13,0)),(VLOOKUP("ABI",'Cover Sheet'!$B$34:$AA$44,10,0)),"") | LJ2: =IF(ISNUMBER(VLOOKUP("ABI",'Cover Sheet'!$B$34:$AA$44,13,0)),(VLOOKUP("ABI",'Cover Sheet'!$B$34:$AA$44,11,0)),"") | LK2: =IF(ISNUMBER(VLOOKUP("ABI",'Cover Sheet'!$B$34:$AA$44,13,0)),(VLOOKUP("ABI",'Cover Sheet'!$B$34:$AA$44,13,0)),"") | LL2: =IF(ISNUMBER(VLOOKUP("ABI",'Cover Sheet'!$B$34:$AA$44,13,0)),(VLOOKUP("ABI",'Cover Sheet'!$B$34:$AA$44,24,0)),"") | LN2: =IF(ISNUMBER(VLOOKUP("OBI",'Cover Sheet'!$B$34:$AA$44,13,0)),(VLOOKUP("OBI",'Cover Sheet'!$B$34:$AA$44,2,0)),"") -> 1118 | LO2: =IF(ISNUMBER(VLOOKUP("OBI",'Cover Sheet'!$B$34:$AA$44,13,0)),(VLOOKUP("OBI",'Cover Sheet'!$B$34:$AA$44,3,0)),"") -> - | LP2: =IF(ISNUMBER(VLOOKUP("OBI",'Cover Sheet'!$B$34:$AA$44,13,0)),(VLOOKUP("OBI",'Cover Sheet'!$B$34:$AA$44,4,0)),"") -> Open Hole | LQ2: =IF(ISNUMBER(VLOOKUP("OBI",'Cover Sheet'!$B$34:$AA$44,13,0)),(VLOOKUP("OBI",'Cover Sheet'!$B$34:$AA$44,5,0)),"") -> N | LR2: =IF(ISNUMBER(VLOOKUP("OBI",'Cover Sheet'!$B$34:$AA$44,13,0)),(VLOOKUP("OBI",'Cover Sheet'!$B$34:$AA$44,6,0)),"") -> 46102 | LS2: =IF(ISNUMBER(VLOOKUP("OBI",'Cover Sheet'!$B$34:$AA$44,13,0)),(VLOOKUP("OBI",'Cover Sheet'!$B$34:$AA$44,7,0)),"") -> TJJ | LT2: =IF(ISNUMBER(VLOOKUP("OBI",'Cover Sheet'!$B$34:$AA$44,13,0)),(VLOOKUP("OBI",'Cover Sheet'!$B$34:$AA$44,8,0)),"") -> 2107 | LU2: =IF(ISNUMBER(VLOOKUP("OBI",'Cover Sheet'!$B$34:$AA$44,13,0)),(VLOOKUP("OBI",'Cover Sheet'!$B$34:$AA$44,9,0)),"") -> 0.5 | LV2: =IF(ISNUMBER(VLOOKUP("OBI",'Cover Sheet'!$B$34:$AA$44,13,0)),(VLOOKUP("OBI",'Cover Sheet'!$B$34:$AA$44,10,0)),"") -> 0.52083333 | LW2: =IF(ISNUMBER(VLOOKUP("OBI",'Cover Sheet'!$B$34:$AA$44,13,0)),(VLOOKUP("OBI",'Cover Sheet'!$B$34:$AA$44,11,0)),"") -> 0 | LX2: =IF(ISNUMBER(VLOOKUP("OBI",'Cover Sheet'!$B$34:$AA$44,13,0)),(VLOOKUP("OBI",'Cover Sheet'!$B$34:$AA$44,13,0)),"") -> 34.4 | LY2: =IF(ISNUMBER(VLOOKUP("OBI",'Cover Sheet'!$B$34:$AA$44,13,0)),(VLOOKUP("OBI",'Cover Sheet'!$B$34:$AA$44,24,0)),"") -> 0 | MA2: =IF(ISNUMBER(VLOOKUP("9098-Gyro",'Cover Sheet'!$B$34:$AA$44,13,0)),(VLOOKUP("9098-Gyro",'Cover Sheet'!$B$34:$AA$44,2,0)),"") | MB2: =IF(ISNUMBER(VLOOKUP("9098-Gyro",'Cover Sheet'!$B$34:$AA$44,13,0)),(VLOOKUP("9098-Gyro",'Cover Sheet'!$B$34:$AA$44,3,0)),"") | MC2: =IF(ISNUMBER(VLOOKUP("9098-Gyro",'Cover Sheet'!$B$34:$AA$44,13,0)),(VLOOKUP("9098-Gyro",'Cover Sheet'!$B$34:$AA$44,4,0)),"") | MD2: =IF(ISNUMBER(VLOOKUP("9098-Gyro",'Cover Sheet'!$B$34:$AA$44,13,0)),(VLOOKUP("9098-Gyro",'Cover Sheet'!$B$34:$AA$44,5,0)),"") | ME2: =IF(ISNUMBER(VLOOKUP("9098-Gyro",'Cover Sheet'!$B$34:$AA$44,13,0)),(VLOOKUP("9098-Gyro",'Cover Sheet'!$B$34:$AA$44,6,0)),"") | MF2: =IF(ISNUMBER(VLOOKUP("9098-Gyro",'Cover Sheet'!$B$34:$AA$44,13,0)),(VLOOKUP("9098-Gyro",'Cover Sheet'!$B$34:$AA$44,7,0)),"") | MG2: =IF(ISNUMBER(VLOOKUP("9098-Gyro",'Cover Sheet'!$B$34:$AA$44,13,0)),(VLOOKUP("9098-Gyro",'Cover Sheet'!$B$34:$AA$44,8,0)),"") | MH2: =IF(ISNUMBER(VLOOKUP("9098-Gyro",'Cover Sheet'!$B$34:$AA$44,13,0)),(VLOOKUP("9098-Gyro",'Cover Sheet'!$B$34:$AA$44,9,0)),"") | MI2: =IF(ISNUMBER(VLOOKUP("9098-Gyro",'Cover Sheet'!$B$34:$AA$44,13,0)),(VLOOKUP("9098-Gyro",'Cover Sheet'!$B$34:$AA$44,10,0)),"") | MJ2: =IF(ISNUMBER(VLOOKUP("9098-Gyro",'Cover Sheet'!$B$34:$AA$44,13,0)),(VLOOKUP("9098-Gyro",'Cover Sheet'!$B$34:$AA$44,11,0)),"") | MK2: =IF(ISNUMBER(VLOOKUP("9098-Gyro",'Cover Sheet'!$B$34:$AA$44,13,0)),(VLOOKUP("9098-Gyro",'Cover Sheet'!$B$34:$AA$44,13,0)),"") | ML2: =IF(ISNUMBER(VLOOKUP("9098-Gyro",'Cover Sheet'!$B$34:$AA$44,13,0)),(VLOOKUP("9098-Gyro",'Cover Sheet'!$B$34:$AA$44,24,0)),"") | MN2: =IF(ISNUMBER(VLOOKUP("MemsGyro",'Cover Sheet'!$B$34:$AA$44,13,0)),(VLOOKUP("MemsGyro",'Cover Sheet'!$B$34:$AA$44,2,0)),"") | MO2: =IF(ISNUMBER(VLOOKUP("MemsGyro",'Cover Sheet'!$B$34:$AA$44,13,0)),(VLOOKUP("MemsGyro",'Cover Sheet'!$B$34:$AA$44,3,0)),"") | MP2: =IF(ISNUMBER(VLOOKUP("MemsGyro",'Cover Sheet'!$B$34:$AA$44,13,0)),(VLOOKUP("MemsGyro",'Cover Sheet'!$B$34:$AA$44,4,0)),"") | MQ2: =IF(ISNUMBER(VLOOKUP("MemsGyro",'Cover Sheet'!$B$34:$AA$44,13,0)),(VLOOKUP("MemsGyro",'Cover Sheet'!$B$34:$AA$44,5,0)),"") | MR2: =IF(ISNUMBER(VLOOKUP("MemsGyro",'Cover Sheet'!$B$34:$AA$44,13,0)),(VLOOKUP("MemsGyro",'Cover Sheet'!$B$34:$AA$44,6,0)),"") | MS2: =IF(ISNUMBER(VLOOKUP("MemsGyro",'Cover Sheet'!$B$34:$AA$44,13,0)),(VLOOKUP("MemsGyro",'Cover Sheet'!$B$34:$AA$44,7,0)),"") | MT2: =IF(ISNUMBER(VLOOKUP("MemsGyro",'Cover Sheet'!$B$34:$AA$44,13,0)),(VLOOKUP("MemsGyro",'Cover Sheet'!$B$34:$AA$44,8,0)),"") | MU2: =IF(ISNUMBER(VLOOKUP("MemsGyro",'Cover Sheet'!$B$34:$AA$44,13,0)),(VLOOKUP("MemsGyro",'Cover Sheet'!$B$34:$AA$44,9,0)),"") | MV2: =IF(ISNUMBER(VLOOKUP("MemsGyro",'Cover Sheet'!$B$34:$AA$44,13,0)),(VLOOKUP("MemsGyro",'Cover Sheet'!$B$34:$AA$44,10,0)),"") | MW2: =IF(ISNUMBER(VLOOKUP("MemsGyro",'Cover Sheet'!$B$34:$AA$44,13,0)),(VLOOKUP("MemsGyro",'Cover Sheet'!$B$34:$AA$44,11,0)),"") | MX2: =IF(ISNUMBER(VLOOKUP("MemsGyro",'Cover Sheet'!$B$34:$AA$44,13,0)),(VLOOKUP("MemsGyro",'Cover Sheet'!$B$34:$AA$44,13,0)),"") | MY2: =IF(ISNUMBER(VLOOKUP("MemsGyro",'Cover Sheet'!$B$34:$AA$44,13,0)),(VLOOKUP("MemsGyro",'Cover Sheet'!$B$34:$AA$44,24,0)),"") | NA2: =IF(ISNUMBER(VLOOKUP("NorthGyro",'Cover Sheet'!$B$34:$AA$44,13,0)),(VLOOKUP("NorthGyro",'Cover Sheet'!$B$34:$AA$44,2,0)),"") | NB2: =IF(ISNUMBER(VLOOKUP("NorthGyro",'Cover Sheet'!$B$34:$AA$44,13,0)),(VLOOKUP("NorthGyro",'Cover Sheet'!$B$34:$AA$44,3,0)),"") | NC2: =IF(ISNUMBER(VLOOKUP("NorthGyro",'Cover Sheet'!$B$34:$AA$44,13,0)),(VLOOKUP("NorthGyro",'Cover Sheet'!$B$34:$AA$44,4,0)),"") | ND2: =IF(ISNUMBER(VLOOKUP("NorthGyro",'Cover Sheet'!$B$34:$AA$44,13,0)),(VLOOKUP("NorthGyro",'Cover Sheet'!$B$34:$AA$44,5,0)),"") | NE2: =IF(ISNUMBER(VLOOKUP("NorthGyro",'Cover Sheet'!$B$34:$AA$44,13,0)),(VLOOKUP("NorthGyro",'Cover Sheet'!$B$34:$AA$44,6,0)),"") | NF2: =IF(ISNUMBER(VLOOKUP("NorthGyro",'Cover Sheet'!$B$34:$AA$44,13,0)),(VLOOKUP("NorthGyro",'Cover Sheet'!$B$34:$AA$44,7,0)),"") | NG2: =IF(ISNUMBER(VLOOKUP("NorthGyro",'Cover Sheet'!$B$34:$AA$44,13,0)),(VLOOKUP("NorthGyro",'Cover Sheet'!$B$34:$AA$44,8,0)),"") | NH2: =IF(ISNUMBER(VLOOKUP("NorthGyro",'Cover Sheet'!$B$34:$AA$44,13,0)),(VLOOKUP("NorthGyro",'Cover Sheet'!$B$34:$AA$44,9,0)),"") | NI2: =IF(ISNUMBER(VLOOKUP("NorthGyro",'Cover Sheet'!$B$34:$AA$44,13,0)),(VLOOKUP("NorthGyro",'Cover Sheet'!$B$34:$AA$44,10,0)),"") | NJ2: =IF(ISNUMBER(VLOOKUP("NorthGyro",'Cover Sheet'!$B$34:$AA$44,13,0)),(VLOOKUP("NorthGyro",'Cover Sheet'!$B$34:$AA$44,11,0)),"") | NK2: =IF(ISNUMBER(VLOOKUP("NorthGyro",'Cover Sheet'!$B$34:$AA$44,13,0)),(VLOOKUP("NorthGyro",'Cover Sheet'!$B$34:$AA$44,13,0)),"") | NL2: =IF(ISNUMBER(VLOOKUP("NorthGyro",'Cover Sheet'!$B$34:$AA$44,13,0)),(VLOOKUP("NorthGyro",'Cover Sheet'!$B$34:$AA$44,24,0)),"") | NN2: =IF(ISNUMBER(VLOOKUP("TGT",'Cover Sheet'!$B$34:$AA$44,13,0)),(VLOOKUP("TGT",'Cover Sheet'!$B$34:$AA$44,2,0)),"") | NO2: =IF(ISNUMBER(VLOOKUP("TGT",'Cover Sheet'!$B$34:$AA$44,13,0)),(VLOOKUP("TGT",'Cover Sheet'!$B$34:$AA$44,3,0)),"") | NP2: =IF(ISNUMBER(VLOOKUP("TGT",'Cover Sheet'!$B$34:$AA$44,13,0)),(VLOOKUP("TGT",'Cover Sheet'!$B$34:$AA$44,4,0)),"") | NQ2: =IF(ISNUMBER(VLOOKUP("TGT",'Cover Sheet'!$B$34:$AA$44,13,0)),(VLOOKUP("TGT",'Cover Sheet'!$B$34:$AA$44,5,0)),"") | NR2: =IF(ISNUMBER(VLOOKUP("TGT",'Cover Sheet'!$B$34:$AA$44,13,0)),(VLOOKUP("TGT",'Cover Sheet'!$B$34:$AA$44,6,0)),"") | NS2: =IF(ISNUMBER(VLOOKUP("TGT",'Cover Sheet'!$B$34:$AA$44,13,0)),(VLOOKUP("TGT",'Cover Sheet'!$B$34:$AA$44,7,0)),"") | NT2: =IF(ISNUMBER(VLOOKUP("TGT",'Cover Sheet'!$B$34:$AA$44,13,0)),(VLOOKUP("TGT",'Cover Sheet'!$B$34:$AA$44,8,0)),"") | NU2: =IF(ISNUMBER(VLOOKUP("TGT",'Cover Sheet'!$B$34:$AA$44,13,0)),(VLOOKUP("TGT",'Cover Sheet'!$B$34:$AA$44,9,0)),"") | NV2: =IF(ISNUMBER(VLOOKUP("TGT",'Cover Sheet'!$B$34:$AA$44,13,0)),(VLOOKUP("TGT",'Cover Sheet'!$B$34:$AA$44,10,0)),"") | NW2: =IF(ISNUMBER(VLOOKUP("TGT",'Cover Sheet'!$B$34:$AA$44,13,0)),(VLOOKUP("TGT",'Cover Sheet'!$B$34:$AA$44,11,0)),"") | NX2: =IF(ISNUMBER(VLOOKUP("TGT",'Cover Sheet'!$B$34:$AA$44,13,0)),(VLOOKUP("TGT",'Cover Sheet'!$B$34:$AA$44,13,0)),"") | NY2: =IF(ISNUMBER(VLOOKUP("TGT",'Cover Sheet'!$B$34:$AA$44,13,0)),(VLOOKUP("TGT",'Cover Sheet'!$B$34:$AA$44,24,0)),"") | OA2: =IF(ISNUMBER(VLOOKUP("3AC",'Cover Sheet'!$B$34:$AA$44,13,0)),(VLOOKUP("3AC",'Cover Sheet'!$B$34:$AA$44,2,0)),"") | OB2: =IF(ISNUMBER(VLOOKUP("3AC",'Cover Sheet'!$B$34:$AA$44,13,0)),(VLOOKUP("3AC",'Cover Sheet'!$B$34:$AA$44,3,0)),"") | OC2: =IF(ISNUMBER(VLOOKUP("3AC",'Cover Sheet'!$B$34:$AA$44,13,0)),(VLOOKUP("3AC",'Cover Sheet'!$B$34:$AA$44,4,0)),"") | OD2: =IF(ISNUMBER(VLOOKUP("3AC",'Cover Sheet'!$B$34:$AA$44,13,0)),(VLOOKUP("3AC",'Cover Sheet'!$B$34:$AA$44,5,0)),"") | OE2: =IF(ISNUMBER(VLOOKUP("3AC",'Cover Sheet'!$B$34:$AA$44,13,0)),(VLOOKUP("3AC",'Cover Sheet'!$B$34:$AA$44,6,0)),"") | OF2: =IF(ISNUMBER(VLOOKUP("3AC",'Cover Sheet'!$B$34:$AA$44,13,0)),(VLOOKUP("3AC",'Cover Sheet'!$B$34:$AA$44,7,0)),"") | OG2: =IF(ISNUMBER(VLOOKUP("3AC",'Cover Sheet'!$B$34:$AA$44,13,0)),(VLOOKUP("3AC",'Cover Sheet'!$B$34:$AA$44,8,0)),"") | OH2: =IF(ISNUMBER(VLOOKUP("3AC",'Cover Sheet'!$B$34:$AA$44,13,0)),(VLOOKUP("3AC",'Cover Sheet'!$B$34:$AA$44,9,0)),"") | OI2: =IF(ISNUMBER(VLOOKUP("3AC",'Cover Sheet'!$B$34:$AA$44,13,0)),(VLOOKUP("3AC",'Cover Sheet'!$B$34:$AA$44,10,0)),"") | OJ2: =IF(ISNUMBER(VLOOKUP("3AC",'Cover Sheet'!$B$34:$AA$44,13,0)),(VLOOKUP("3AC",'Cover Sheet'!$B$34:$AA$44,11,0)),"") | OK2: =IF(ISNUMBER(VLOOKUP("3AC",'Cover Sheet'!$B$34:$AA$44,13,0)),(VLOOKUP("3AC",'Cover Sheet'!$B$34:$AA$44,13,0)),"") | OL2: =IF(ISNUMBER(VLOOKUP("3AC",'Cover Sheet'!$B$34:$AA$44,13,0)),(VLOOKUP("3AC",'Cover Sheet'!$B$34:$AA$44,24,0)),"") | ON2: =IF(ISNUMBER(VLOOKUP("XRF",'Cover Sheet'!$B$34:$AA$44,13,0)),(VLOOKUP("XRF",'Cover Sheet'!$B$34:$AA$44,2,0)),"") | OO2: =IF(ISNUMBER(VLOOKUP("XRF",'Cover Sheet'!$B$34:$AA$44,13,0)),(VLOOKUP("XRF",'Cover Sheet'!$B$34:$AA$44,3,0)),"") | OP2: =IF(ISNUMBER(VLOOKUP("XRF",'Cover Sheet'!$B$34:$AA$44,13,0)),(VLOOKUP("XRF",'Cover Sheet'!$B$34:$AA$44,4,0)),"") | OQ2: =IF(ISNUMBER(VLOOKUP("XRF",'Cover Sheet'!$B$34:$AA$44,13,0)),(VLOOKUP("XRF",'Cover Sheet'!$B$34:$AA$44,5,0)),"") | OR2: =IF(ISNUMBER(VLOOKUP("XRF",'Cover Sheet'!$B$34:$AA$44,13,0)),(VLOOKUP("XRF",'Cover Sheet'!$B$34:$AA$44,6,0)),"") | OS2: =IF(ISNUMBER(VLOOKUP("XRF",'Cover Sheet'!$B$34:$AA$44,13,0)),(VLOOKUP("XRF",'Cover Sheet'!$B$34:$AA$44,7,0)),"") | OT2: =IF(ISNUMBER(VLOOKUP("XRF",'Cover Sheet'!$B$34:$AA$44,13,0)),(VLOOKUP("XRF",'Cover Sheet'!$B$34:$AA$44,8,0)),"") | OU2: =IF(ISNUMBER(VLOOKUP("XRF",'Cover Sheet'!$B$34:$AA$44,13,0)),(VLOOKUP("XRF",'Cover Sheet'!$B$34:$AA$44,9,0)),"") | OV2: =IF(ISNUMBER(VLOOKUP("XRF",'Cover Sheet'!$B$34:$AA$44,13,0)),(VLOOKUP("XRF",'Cover Sheet'!$B$34:$AA$44,10,0)),"") | OW2: =IF(ISNUMBER(VLOOKUP("XRF",'Cover Sheet'!$B$34:$AA$44,13,0)),(VLOOKUP("XRF",'Cover Sheet'!$B$34:$AA$44,11,0)),"") | OX2: =IF(ISNUMBER(VLOOKUP("XRF",'Cover Sheet'!$B$34:$AA$44,13,0)),(VLOOKUP("XRF",'Cover Sheet'!$B$34:$AA$44,13,0)),"") | OY2: =IF(ISNUMBER(VLOOKUP("XRF",'Cover Sheet'!$B$34:$AA$44,13,0)),(VLOOKUP("XRF",'Cover Sheet'!$B$34:$AA$44,24,0)),"") | PA2: =IF(ISNUMBER(VLOOKUP("GVGamma",'Cover Sheet'!$B$34:$AA$44,13,0)),(VLOOKUP("GVGamma",'Cover Sheet'!$B$34:$AA$44,2,0)),"") | PB2: =IF(ISNUMBER(VLOOKUP("GVGamma",'Cover Sheet'!$B$34:$AA$44,13,0)),(VLOOKUP("GVGamma",'Cover Sheet'!$B$34:$AA$44,3,0)),"") | PC2: =IF(ISNUMBER(VLOOKUP("GVGamma",'Cover Sheet'!$B$34:$AA$44,13,0)),(VLOOKUP("GVGamma",'Cover Sheet'!$B$34:$AA$44,4,0)),"") | PD2: =IF(ISNUMBER(VLOOKUP("GVGamma",'Cover Sheet'!$B$34:$AA$44,13,0)),(VLOOKUP("GVGamma",'Cover Sheet'!$B$34:$AA$44,5,0)),"") | PE2: =IF(ISNUMBER(VLOOKUP("GVGamma",'Cover Sheet'!$B$34:$AA$44,13,0)),(VLOOKUP("GVGamma",'Cover Sheet'!$B$34:$AA$44,6,0)),"") | PF2: =IF(ISNUMBER(VLOOKUP("GVGamma",'Cover Sheet'!$B$34:$AA$44,13,0)),(VLOOKUP("GVGamma",'Cover Sheet'!$B$34:$AA$44,7,0)),"") | PG2: =IF(ISNUMBER(VLOOKUP("GVGamma",'Cover Sheet'!$B$34:$AA$44,13,0)),(VLOOKUP("GVGamma",'Cover Sheet'!$B$34:$AA$44,8,0)),"") | PH2: =IF(ISNUMBER(VLOOKUP("GVGamma",'Cover Sheet'!$B$34:$AA$44,13,0)),(VLOOKUP("GVGamma",'Cover Sheet'!$B$34:$AA$44,9,0)),"") | PI2: =IF(ISNUMBER(VLOOKUP("GVGamma",'Cover Sheet'!$B$34:$AA$44,13,0)),(VLOOKUP("GVGamma",'Cover Sheet'!$B$34:$AA$44,10,0)),"") | PJ2: =IF(ISNUMBER(VLOOKUP("GVGamma",'Cover Sheet'!$B$34:$AA$44,13,0)),(VLOOKUP("GVGamma",'Cover Sheet'!$B$34:$AA$44,11,0)),"") | PK2: =IF(ISNUMBER(VLOOKUP("GVGamma",'Cover Sheet'!$B$34:$AA$44,13,0)),(VLOOKUP("GVGamma",'Cover Sheet'!$B$34:$AA$44,13,0)),"") | PL2: =IF(ISNUMBER(VLOOKUP("GVGamma",'Cover Sheet'!$B$34:$AA$44,13,0)),(VLOOKUP("GVGamma",'Cover Sheet'!$B$34:$AA$44,24,0)),"") | PN2: =IF(ISNUMBER(VLOOKUP("SpectralGamma",'Cover Sheet'!$B$34:$AA$44,13,0)),(VLOOKUP("SpectralGamma",'Cover Sheet'!$B$34:$AA$44,2,0)),"") | PO2: =IF(ISNUMBER(VLOOKUP("SpectralGamma",'Cover Sheet'!$B$34:$AA$44,13,0)),(VLOOKUP("SpectralGamma",'Cover Sheet'!$B$34:$AA$44,3,0)),"") | PP2: =IF(ISNUMBER(VLOOKUP("SpectralGamma",'Cover Sheet'!$B$34:$AA$44,13,0)),(VLOOKUP("SpectralGamma",'Cover Sheet'!$B$34:$AA$44,4,0)),"") | PQ2: =IF(ISNUMBER(VLOOKUP("SpectralGamma",'Cover Sheet'!$B$34:$AA$44,13,0)),(VLOOKUP("SpectralGamma",'Cover Sheet'!$B$34:$AA$44,5,0)),"") | PR2: =IF(ISNUMBER(VLOOKUP("SpectralGamma",'Cover Sheet'!$B$34:$AA$44,13,0)),(VLOOKUP("SpectralGamma",'Cover Sheet'!$B$34:$AA$44,6,0)),"") | PS2: =IF(ISNUMBER(VLOOKUP("SpectralGamma",'Cover Sheet'!$B$34:$AA$44,13,0)),(VLOOKUP("SpectralGamma",'Cover Sheet'!$B$34:$AA$44,7,0)),"") | PT2: =IF(ISNUMBER(VLOOKUP("SpectralGamma",'Cover Sheet'!$B$34:$AA$44,13,0)),(VLOOKUP("SpectralGamma",'Cover Sheet'!$B$34:$AA$44,8,0)),"") | PU2: =IF(ISNUMBER(VLOOKUP("SpectralGamma",'Cover Sheet'!$B$34:$AA$44,13,0)),(VLOOKUP("SpectralGamma",'Cover Sheet'!$B$34:$AA$44,9,0)),"") | PV2: =IF(ISNUMBER(VLOOKUP("SpectralGamma",'Cover Sheet'!$B$34:$AA$44,13,0)),(VLOOKUP("SpectralGamma",'Cover Sheet'!$B$34:$AA$44,10,0)),"") | PW2: =IF(ISNUMBER(VLOOKUP("SpectralGamma",'Cover Sheet'!$B$34:$AA$44,13,0)),(VLOOKUP("SpectralGamma",'Cover Sheet'!$B$34:$AA$44,11,0)),"") | PX2: =IF(ISNUMBER(VLOOKUP("SpectralGamma",'Cover Sheet'!$B$34:$AA$44,13,0)),(VLOOKUP("SpectralGamma",'Cover Sheet'!$B$34:$AA$44,13,0)),"") | PY2: =IF(ISNUMBER(VLOOKUP("SpectralGamma",'Cover Sheet'!$B$34:$AA$44,13,0)),(VLOOKUP("SpectralGamma",'Cover Sheet'!$B$34:$AA$44,24,0)),"") | QA2: =IF(ISNUMBER(VLOOKUP("IP",'Cover Sheet'!$B$34:$AA$44,13,0)),(VLOOKUP("IP",'Cover Sheet'!$B$34:$AA$44,2,0)),"") | QB2: =IF(ISNUMBER(VLOOKUP("IP",'Cover Sheet'!$B$34:$AA$44,13,0)),(VLOOKUP("IP",'Cover Sheet'!$B$34:$AA$44,3,0)),"") | QC2: =IF(ISNUMBER(VLOOKUP("IP",'Cover Sheet'!$B$34:$AA$44,13,0)),(VLOOKUP("IP",'Cover Sheet'!$B$34:$AA$44,4,0)),"") | QD2: =IF(ISNUMBER(VLOOKUP("IP",'Cover Sheet'!$B$34:$AA$44,13,0)),(VLOOKUP("IP",'Cover Sheet'!$B$34:$AA$44,5,0)),"") | QE2: =IF(ISNUMBER(VLOOKUP("IP",'Cover Sheet'!$B$34:$AA$44,13,0)),(VLOOKUP("IP",'Cover Sheet'!$B$34:$AA$44,6,0)),"") | QF2: =IF(ISNUMBER(VLOOKUP("IP",'Cover Sheet'!$B$34:$AA$44,13,0)),(VLOOKUP("IP",'Cover Sheet'!$B$34:$AA$44,7,0)),"") | QG2: =IF(ISNUMBER(VLOOKUP("IP",'Cover Sheet'!$B$34:$AA$44,13,0)),(VLOOKUP("IP",'Cover Sheet'!$B$34:$AA$44,8,0)),"") | QH2: =IF(ISNUMBER(VLOOKUP("IP",'Cover Sheet'!$B$34:$AA$44,13,0)),(VLOOKUP("IP",'Cover Sheet'!$B$34:$AA$44,9,0)),"") | QI2: =IF(ISNUMBER(VLOOKUP("IP",'Cover Sheet'!$B$34:$AA$44,13,0)),(VLOOKUP("IP",'Cover Sheet'!$B$34:$AA$44,10,0)),"") | QJ2: =IF(ISNUMBER(VLOOKUP("IP",'Cover Sheet'!$B$34:$AA$44,13,0)),(VLOOKUP("IP",'Cover Sheet'!$B$34:$AA$44,11,0)),"") | QK2: =IF(ISNUMBER(VLOOKUP("IP",'Cover Sheet'!$B$34:$AA$44,13,0)),(VLOOKUP("IP",'Cover Sheet'!$B$34:$AA$44,13,0)),"") | QL2: =IF(ISNUMBER(VLOOKUP("IP",'Cover Sheet'!$B$34:$AA$44,13,0)),(VLOOKUP("IP",'Cover Sheet'!$B$34:$AA$44,24,0)),"") | QN2: =IF(ISNUMBER(VLOOKUP("IRD",'Cover Sheet'!$B$34:$AA$44,13,0)),(VLOOKUP("IRD",'Cover Sheet'!$B$34:$AA$44,2,0)),"") | QO2: =IF(ISNUMBER(VLOOKUP("IRD",'Cover Sheet'!$B$34:$AA$44,13,0)),(VLOOKUP("IRD",'Cover Sheet'!$B$34:$AA$44,3,0)),"") | QP2: =IF(ISNUMBER(VLOOKUP("IRD",'Cover Sheet'!$B$34:$AA$44,13,0)),(VLOOKUP("IRD",'Cover Sheet'!$B$34:$AA$44,4,0)),"") | QQ2: =IF(ISNUMBER(VLOOKUP("IRD",'Cover Sheet'!$B$34:$AA$44,13,0)),(VLOOKUP("IRD",'Cover Sheet'!$B$34:$AA$44,5,0)),"") | QR2: =IF(ISNUMBER(VLOOKUP("IRD",'Cover Sheet'!$B$34:$AA$44,13,0)),(VLOOKUP("IRD",'Cover Sheet'!$B$34:$AA$44,6,0)),"") | QS2: =IF(ISNUMBER(VLOOKUP("IRD",'Cover Sheet'!$B$34:$AA$44,13,0)),(VLOOKUP("IRD",'Cover Sheet'!$B$34:$AA$44,7,0)),"") | QT2: =IF(ISNUMBER(VLOOKUP("IRD",'Cover Sheet'!$B$34:$AA$44,13,0)),(VLOOKUP("IRD",'Cover Sheet'!$B$34:$AA$44,8,0)),"") | QU2: =IF(ISNUMBER(VLOOKUP("IRD",'Cover Sheet'!$B$34:$AA$44,13,0)),(VLOOKUP("IRD",'Cover Sheet'!$B$34:$AA$44,9,0)),"") | QV2: =IF(ISNUMBER(VLOOKUP("IRD",'Cover Sheet'!$B$34:$AA$44,13,0)),(VLOOKUP("IRD",'Cover Sheet'!$B$34:$AA$44,10,0)),"") | QW2: =IF(ISNUMBER(VLOOKUP("IRD",'Cover Sheet'!$B$34:$AA$44,13,0)),(VLOOKUP("IRD",'Cover Sheet'!$B$34:$AA$44,11,0)),"") | QX2: =IF(ISNUMBER(VLOOKUP("IRD",'Cover Sheet'!$B$34:$AA$44,13,0)),(VLOOKUP("IRD",'Cover Sheet'!$B$34:$AA$44,13,0)),"") | QY2: =IF(ISNUMBER(VLOOKUP("IRD",'Cover Sheet'!$B$34:$AA$44,13,0)),(VLOOKUP("IRD",'Cover Sheet'!$B$34:$AA$44,24,0)),"") | RA2: =IF(ISNUMBER(VLOOKUP("NMR",'Cover Sheet'!$B$34:$AA$44,13,0)),(VLOOKUP("NMR",'Cover Sheet'!$B$34:$AA$44,2,0)),"") | RB2: =IF(ISNUMBER(VLOOKUP("NMR",'Cover Sheet'!$B$34:$AA$44,13,0)),(VLOOKUP("NMR",'Cover Sheet'!$B$34:$AA$44,3,0)),"") | RC2: =IF(ISNUMBER(VLOOKUP("NMR",'Cover Sheet'!$B$34:$AA$44,13,0)),(VLOOKUP("NMR",'Cover Sheet'!$B$34:$AA$44,4,0)),"") | RD2: =IF(ISNUMBER(VLOOKUP("NMR",'Cover Sheet'!$B$34:$AA$44,13,0)),(VLOOKUP("NMR",'Cover Sheet'!$B$34:$AA$44,5,0)),"") | RE2: =IF(ISNUMBER(VLOOKUP("NMR",'Cover Sheet'!$B$34:$AA$44,13,0)),(VLOOKUP("NMR",'Cover Sheet'!$B$34:$AA$44,6,0)),"") | RF2: =IF(ISNUMBER(VLOOKUP("NMR",'Cover Sheet'!$B$34:$AA$44,13,0)),(VLOOKUP("NMR",'Cover Sheet'!$B$34:$AA$44,7,0)),"") | RG2: =IF(ISNUMBER(VLOOKUP("NMR",'Cover Sheet'!$B$34:$AA$44,13,0)),(VLOOKUP("NMR",'Cover Sheet'!$B$34:$AA$44,8,0)),"") | RH2: =IF(ISNUMBER(VLOOKUP("NMR",'Cover Sheet'!$B$34:$AA$44,13,0)),(VLOOKUP("NMR",'Cover Sheet'!$B$34:$AA$44,9,0)),"") | RI2: =IF(ISNUMBER(VLOOKUP("NMR",'Cover Sheet'!$B$34:$AA$44,13,0)),(VLOOKUP("NMR",'Cover Sheet'!$B$34:$AA$44,10,0)),"") | RJ2: =IF(ISNUMBER(VLOOKUP("NMR",'Cover Sheet'!$B$34:$AA$44,13,0)),(VLOOKUP("NMR",'Cover Sheet'!$B$34:$AA$44,11,0)),"") | RK2: =IF(ISNUMBER(VLOOKUP("NMR",'Cover Sheet'!$B$34:$AA$44,13,0)),(VLOOKUP("NMR",'Cover Sheet'!$B$34:$AA$44,13,0)),"") | RL2: =IF(ISNUMBER(VLOOKUP("NMR",'Cover Sheet'!$B$34:$AA$44,13,0)),(VLOOKUP("NMR",'Cover Sheet'!$B$34:$AA$44,24,0)),"") | RN2: =IF(ISNUMBER(VLOOKUP("FLOW",'Cover Sheet'!$B$34:$AA$44,13,0)),(VLOOKUP("FLOW",'Cover Sheet'!$B$34:$AA$44,2,0)),"") | RO2: =IF(ISNUMBER(VLOOKUP("FLOW",'Cover Sheet'!$B$34:$AA$44,13,0)),(VLOOKUP("FLOW",'Cover Sheet'!$B$34:$AA$44,3,0)),"") | RP2: =IF(ISNUMBER(VLOOKUP("FLOW",'Cover Sheet'!$B$34:$AA$44,13,0)),(VLOOKUP("FLOW",'Cover Sheet'!$B$34:$AA$44,4,0)),"") | RQ2: =IF(ISNUMBER(VLOOKUP("FLOW",'Cover Sheet'!$B$34:$AA$44,13,0)),(VLOOKUP("FLOW",'Cover Sheet'!$B$34:$AA$44,5,0)),"") | RR2: =IF(ISNUMBER(VLOOKUP("FLOW",'Cover Sheet'!$B$34:$AA$44,13,0)),(VLOOKUP("FLOW",'Cover Sheet'!$B$34:$AA$44,6,0)),"") | RS2: =IF(ISNUMBER(VLOOKUP("FLOW",'Cover Sheet'!$B$34:$AA$44,13,0)),(VLOOKUP("FLOW",'Cover Sheet'!$B$34:$AA$44,7,0)),"") | RT2: =IF(ISNUMBER(VLOOKUP("FLOW",'Cover Sheet'!$B$34:$AA$44,13,0)),(VLOOKUP("FLOW",'Cover Sheet'!$B$34:$AA$44,8,0)),"") | RU2: =IF(ISNUMBER(VLOOKUP("FLOW",'Cover Sheet'!$B$34:$AA$44,13,0)),(VLOOKUP("FLOW",'Cover Sheet'!$B$34:$AA$44,9,0)),"") | RV2: =IF(ISNUMBER(VLOOKUP("FLOW",'Cover Sheet'!$B$34:$AA$44,13,0)),(VLOOKUP("FLOW",'Cover Sheet'!$B$34:$AA$44,10,0)),"") | RW2: =IF(ISNUMBER(VLOOKUP("FLOW",'Cover Sheet'!$B$34:$AA$44,13,0)),(VLOOKUP("FLOW",'Cover Sheet'!$B$34:$AA$44,11,0)),"") | RX2: =IF(ISNUMBER(VLOOKUP("FLOW",'Cover Sheet'!$B$34:$AA$44,13,0)),(VLOOKUP("FLOW",'Cover Sheet'!$B$34:$AA$44,13,0)),"") | RY2: =IF(ISNUMBER(VLOOKUP("FLOW",'Cover Sheet'!$B$34:$AA$44,13,0)),(VLOOKUP("FLOW",'Cover Sheet'!$B$34:$AA$44,24,0)),"") | SA2: =IF(ISNUMBER(VLOOKUP("DHEM",'Cover Sheet'!$B$34:$AA$44,13,0)),(VLOOKUP("DHEM",'Cover Sheet'!$B$34:$AA$44,2,0)),"") | SB2: =IF(ISNUMBER(VLOOKUP("DHEM",'Cover Sheet'!$B$34:$AA$44,13,0)),(VLOOKUP("DHEM",'Cover Sheet'!$B$34:$AA$44,3,0)),"") | SC2: =IF(ISNUMBER(VLOOKUP("DHEM",'Cover Sheet'!$B$34:$AA$44,13,0)),(VLOOKUP("DHEM",'Cover Sheet'!$B$34:$AA$44,4,0)),"") | SD2: =IF(ISNUMBER(VLOOKUP("DHEM",'Cover Sheet'!$B$34:$AA$44,13,0)),(VLOOKUP("DHEM",'Cover Sheet'!$B$34:$AA$44,5,0)),"") | SE2: =IF(ISNUMBER(VLOOKUP("DHEM",'Cover Sheet'!$B$34:$AA$44,13,0)),(VLOOKUP("DHEM",'Cover Sheet'!$B$34:$AA$44,6,0)),"") | SF2: =IF(ISNUMBER(VLOOKUP("DHEM",'Cover Sheet'!$B$34:$AA$44,13,0)),(VLOOKUP("DHEM",'Cover Sheet'!$B$34:$AA$44,7,0)),"") | SG2: =IF(ISNUMBER(VLOOKUP("DHEM",'Cover Sheet'!$B$34:$AA$44,13,0)),(VLOOKUP("DHEM",'Cover Sheet'!$B$34:$AA$44,8,0)),"") | SH2: =IF(ISNUMBER(VLOOKUP("DHEM",'Cover Sheet'!$B$34:$AA$44,13,0)),(VLOOKUP("DHEM",'Cover Sheet'!$B$34:$AA$44,9,0)),"") | SI2: =IF(ISNUMBER(VLOOKUP("DHEM",'Cover Sheet'!$B$34:$AA$44,13,0)),(VLOOKUP("DHEM",'Cover Sheet'!$B$34:$AA$44,10,0)),"") | SJ2: =IF(ISNUMBER(VLOOKUP("DHEM",'Cover Sheet'!$B$34:$AA$44,13,0)),(VLOOKUP("DHEM",'Cover Sheet'!$B$34:$AA$44,11,0)),"") | SK2: =IF(ISNUMBER(VLOOKUP("DHEM",'Cover Sheet'!$B$34:$AA$44,13,0)),(VLOOKUP("DHEM",'Cover Sheet'!$B$34:$AA$44,13,0)),"") | SL2: =IF(ISNUMBER(VLOOKUP("DHEM",'Cover Sheet'!$B$34:$AA$44,13,0)),(VLOOKUP("DHEM",'Cover Sheet'!$B$34:$AA$44,24,0)),"") | SN2: =IF(LA2="",IF(LN2="","",LN2),IF(LN2="",LA2,LA2 & " - " & LN2)) -> 1118 | SO2: =IF(LB2="",IF(LO2="","",LO2),IF(LO2="",LB2,LB2 & " - " & LO2)) -> - | SP2: =IF(LC2="",IF(LP2="","",LP2),LC2) -> Open Hole | SQ2: =IF(LD2="",IF(LQ2="","",LQ2),LD2) -> N | SR2: =IF(LE2="",IF(LR2="","",LR2),IF(LR2="",LE2,MIN(LE2,LR2))) -> 46102 | SS2: =IF(LF2="",IF(LS2="","",LS2),IF(LS2="",LF2,LF2 &"-"&LS2)) -> TJJ | ST2: =IF(LG2="",IF(LT2="","",LT2),IF(LT2="",LG2,LG2 &"-"&LT2)) -> 2107 | SU2: =IF(LH2="",IF(LU2="","",LU2),IF(LU2="",LH2,MIN(LH2,LU2))) -> 0.5 | SV2: =IF(LI2="",IF(LV2="","",LV2),IF(LV2="",LI2,MAX(LI2,LV2))) -> 0.52083333 | SW2: =IF(LJ2="",IF(LW2="","",LW2),IF(LW2="",LJ2,MIN(LJ2,LW2))) -> 0 | SX2: =IF(LK2="",IF(LX2="","",LX2),IF(LX2="",LK2,MAX(LK2,LX2))) -> 34.4 | SY2: =IF(LL2="",IF(LY2="","",LY2),IF(LY2="",LL2,MIN(LL2,LY2))) -> 0 | TA2: ='Cover Sheet'!D3 -> RTIO BROCKMAN | TB2: ='Cover Sheet'!L16 -> 0 | TC2: ='Cover Sheet'!L17 -> 0 | TD2: ='Cover Sheet'!J15 -> 50s | TE2: =IF(ISTEXT(VLOOKUP("Dummy",'Cover Sheet'!$B$34:$AA$44,1,0)),(VLOOKUP("Dummy",'Cover Sheet'!$B$34:$AA$44,2,0)),"") -> 0 | TF2: =IF(ISTEXT(VLOOKUP("Dummy",'Cover Sheet'!$B$34:$AA$44,1,0)),(VLOOKUP("Dummy",'Cover Sheet'!$B$34:$AA$44,4,0)),"") -> Open Hole | TG2: =IF(ISTEXT(VLOOKUP("Dummy",'Cover Sheet'!$B$34:$AA$44,1,0)),(VLOOKUP("Dummy",'Cover Sheet'!$B$34:$AA$44,5,0)),"") -> N | TH2: =IF(ISTEXT(VLOOKUP("Dummy",'Cover Sheet'!$B$34:$AA$44,1,0)),(VLOOKUP("Dummy",'Cover Sheet'!$B$34:$AA$44,6,0)),"") -> 46102 | TI2: =IF(ISTEXT(VLOOKUP("Dummy",'Cover Sheet'!$B$34:$AA$44,1,0)),(VLOOKUP("Dummy",'Cover Sheet'!$B$34:$AA$44,7,0)),"") -> TJJ | TJ2: =IF(ISTEXT(VLOOKUP("Dummy",'Cover Sheet'!$B$34:$AA$44,1,0)),(VLOOKUP("Dummy",'Cover Sheet'!$B$34:$AA$44,8,0)),"") -> 2107 | TK2: =IF(ISTEXT(VLOOKUP("Dummy",'Cover Sheet'!$B$34:$AA$44,1,0)),(VLOOKUP("Dummy",'Cover Sheet'!$B$34:$AA$44,9,0)),"") -> 0.4375 | TL2: =IF(ISTEXT(VLOOKUP("Dummy",'Cover Sheet'!$B$34:$AA$44,1,0)),(VLOOKUP("Dummy",'Cover Sheet'!$B$34:$AA$44,10,0)),"") -> 0.45833333 | TM2: =IF(ISTEXT(VLOOKUP("Dummy",'Cover Sheet'!$B$34:$AA$44,1,0)),(VLOOKUP("Dummy",'Cover Sheet'!$B$34:$AA$44,11,0)),"") -> 0 | TN2: =IF(ISTEXT(VLOOKUP("Dummy",'Cover Sheet'!$B$34:$AA$44,1,0)),(VLOOKUP("Dummy",'Cover Sheet'!$B$34:$AA$44,13,0)),"") -> 35.4 | TO2: =IF(ISTEXT(VLOOKUP("DGPS",'Cover Sheet'!$B$34:$AA$44,1,0)),(VLOOKUP("DGPS",'Cover Sheet'!$B$34:$AA$44,2,0)),"") -> 5843S10542 | TP2: =IF(ISTEXT(VLOOKUP("DGPS",'Cover Sheet'!$B$34:$AA$44,1,0)),(VLOOKUP("DGPS",'Cover Sheet'!$B$34:$AA$44,4,0)),"") -> Open Hole | TQ2: =IF(ISTEXT(VLOOKUP("DGPS",'Cover Sheet'!$B$34:$AA$44,1,0)),(VLOOKUP("DGPS",'Cover Sheet'!$B$34:$AA$44,6,0)),"") -> 46102 | TR2: =IF(ISTEXT(VLOOKUP("DGPS",'Cover Sheet'!$B$34:$AA$44,1,0)),(VLOOKUP("DGPS",'Cover Sheet'!$B$34:$AA$44,7,0)),"") -> TJJ | TS2: =IF(ISTEXT(VLOOKUP("DGPS",'Cover Sheet'!$B$34:$AA$44,1,0)),(VLOOKUP("DGPS",'Cover Sheet'!$B$34:$AA$44,8,0)),"") -> 2107 | TT2: =IF(ISTEXT(VLOOKUP("DGPS",'Cover Sheet'!$B$34:$AA$44,1,0)),(VLOOKUP("DGPS",'Cover Sheet'!$B$34:$AA$44,9,0)),"") -> 0.52083333 | TU2: =IF(ISTEXT(VLOOKUP("DGPS",'Cover Sheet'!$B$34:$AA$44,1,0)),(VLOOKUP("DGPS",'Cover Sheet'!$B$34:$AA$44,10,0)),"") -> 0.54166667 | TV2: ='Cover Sheet'!AC59 -> 7180 | TW2: ='Cover Sheet'!AD59 -> 2700 | TX2: ='Cover Sheet'!AC60 -> 0 | TY2: ='Cover Sheet'!AD60 -> 0 | TZ2: ='Cover Sheet'!AC61 -> 0 | UA2: ='Cover Sheet'!AD61 -> 0 | UB2: ='Cover Sheet'!AC62 -> 0 | UC2: ='Cover Sheet'!AD62 -> 0 | UD2: ='Cover Sheet'!AA56 -> 0.12334
